employer,employer_rating,sector,industry,employer_founded,employer_revenue,location,average_base_salary,rating_range,estimator_0,estimator_1,job_title_category_AI / ML Engineer,job_title_category_Data Analyst,job_title_category_Data Engineer,job_title_category_Data Scientist,job_title_category_Statistician
787,4.0,10,45,1944.0,7,312,138050.0,2,0,1,0,0,0,1,0
1051,3.7,13,12,1988.0,7,312,129200.0,2,0,1,0,0,0,1,0
285,3.7,10,45,1979.0,6,312,101000.0,2,0,1,0,0,0,1,0
53,3.3,5,6,1935.0,3,73,127549.0,2,1,0,0,0,0,1,0
723,4.5,24,77,1986.0,0,331,187795.2,3,0,1,0,0,0,1,0
527,3.2,10,45,1981.0,9,306,108046.0,2,1,0,0,0,0,1,0
331,4.0,24,77,1986.0,0,8,100000.0,2,0,1,0,0,0,1,0
531,4.7,24,77,1986.0,0,13,120000.0,3,0,1,0,0,0,1,0
1095,4.1,3,16,1965.0,5,236,71500.0,3,0,1,0,0,0,1,0
40,5.0,24,77,1986.0,0,312,110400.0,3,0,1,0,1,0,0,0
383,4.1,10,48,2013.0,0,108,133000.0,3,0,1,0,0,0,1,0
1131,3.9,24,77,1986.0,0,384,122500.0,2,0,1,0,0,0,1,0
698,4.6,10,18,1993.0,8,339,227750.0,3,0,1,0,0,0,1,0
399,3.8,10,45,2011.0,1,73,103020.0,2,1,0,0,0,0,1,0
995,4.1,15,1,1984.0,0,94,100000.0,3,0,1,0,1,0,0,0
560,3.7,24,77,1986.0,0,124,90765.0,2,1,0,0,0,0,1,0
905,4.1,4,29,1926.0,9,221,210000.0,3,0,1,0,0,0,1,0
230,2.8,14,21,2009.0,0,201,113750.0,1,0,1,0,0,0,1,0
557,4.7,10,45,2017.0,0,217,123065.0,3,1,0,1,0,0,0,0
1058,5.0,10,30,2017.0,2,33,195000.0,3,0,1,0,0,0,1,0
333,3.8,24,77,1986.0,0,312,145000.0,2,0,1,0,0,0,1,0
386,4.3,24,77,1986.0,0,30,111988.0,3,1,0,0,0,0,1,0
195,3.1,7,41,1963.0,9,252,129008.0,2,0,1,0,0,0,1,0
815,4.4,10,68,2019.0,0,334,106167.0,3,1,0,0,0,0,1,0
415,4.7,24,77,1986.0,0,315,121948.0,3,1,0,0,0,0,1,0
912,5.0,10,45,1986.0,0,312,195000.0,3,0,1,0,0,0,1,0
670,4.1,24,77,1986.0,0,285,72211.20000000001,3,0,1,0,0,0,1,0
1130,2.5,16,15,1986.0,3,312,86000.0,1,0,1,0,0,0,1,0
749,2.9,23,67,2003.0,7,68,96736.0,1,1,0,0,0,0,1,0
193,4.7,10,45,2018.0,0,41,150000.0,3,0,1,0,0,0,1,0
1168,3.6,23,67,2011.0,8,41,94761.0,2,1,0,0,0,0,1,0
984,3.8,6,56,2016.0,0,192,89179.0,2,1,0,0,0,0,1,0
929,4.7,10,18,2014.0,0,335,203250.0,3,0,1,1,0,0,0,0
694,3.9,10,30,1986.0,7,15,105213.0,2,1,0,0,0,0,1,0
625,4.8,5,0,1986.0,2,205,92958.0,3,1,0,0,0,0,1,0
549,4.7,10,68,2007.0,3,315,94075.0,3,1,0,0,0,0,1,0
494,4.6,24,77,1986.0,0,312,125000.0,3,0,1,0,0,0,1,0
918,3.8,13,12,2020.0,0,99,111962.0,2,1,0,0,0,0,1,0
538,3.3,24,77,1986.0,0,384,97500.0,2,0,1,0,0,0,1,0
671,4.8,24,77,1986.0,0,312,115200.0,3,0,1,0,0,0,1,0
269,3.2,7,41,1997.0,6,284,79700.0,2,0,1,0,1,0,0,0
46,3.5,10,48,2015.0,0,331,160885.0,2,1,0,0,0,0,1,0
169,4.2,13,12,1914.0,8,394,119550.0,3,0,1,0,0,0,1,0
756,4.2,13,64,1986.0,0,331,155061.0,3,1,0,0,0,0,1,0
703,3.3,24,77,1986.0,0,312,120000.0,2,0,1,0,0,0,1,0
326,3.4,10,45,2012.0,0,350,109295.0,2,1,0,0,0,0,1,0
1130,2.5,16,15,1986.0,3,312,86000.0,1,0,1,0,0,0,1,0
1034,4.1,4,54,2004.0,8,371,98339.0,3,1,0,0,0,0,1,0
1076,2.6,15,61,1933.0,5,394,121010.0,1,1,0,0,0,0,1,0
662,3.6,20,65,1955.0,9,73,125035.0,2,1,0,0,0,0,1,0
1022,4.1,24,77,1986.0,0,51,155000.0,3,0,1,0,0,0,1,0
1158,3.0,24,77,1986.0,0,53,120443.0,1,1,0,0,0,0,1,0
149,4.7,10,45,2008.0,0,10,106615.0,3,1,0,0,0,0,1,0
500,3.1,10,48,2010.0,0,217,169000.0,2,0,1,0,0,0,1,0
307,3.9,10,45,1983.0,4,252,124800.0,2,0,1,0,1,0,0,0
355,4.1,15,1,2006.0,4,252,75000.0,3,0,1,0,0,0,1,0
739,4.8,24,77,1986.0,0,339,134033.0,3,1,0,0,0,0,1,0
1115,2.8,9,39,2016.0,0,377,111635.0,1,1,0,0,0,0,1,0
236,3.6,21,25,1947.0,7,252,132500.0,2,0,1,0,0,0,1,0
303,3.8,23,67,1969.0,9,43,93257.0,2,1,0,0,1,0,0,0
696,4.7,24,77,1986.0,0,394,153600.0,3,0,1,0,0,0,1,0
449,2.9,24,77,1986.0,0,312,75000.0,1,0,1,0,0,0,1,0
781,4.4,13,12,1986.0,0,394,121306.0,3,1,0,0,0,0,1,0
397,4.0,5,72,2004.0,5,252,145000.0,2,0,1,0,1,0,0,0
1031,3.7,13,12,2002.0,3,16,81171.0,2,1,0,0,0,0,1,0
301,4.3,24,77,1986.0,0,394,140000.0,3,0,1,0,1,0,0,0
453,4.0,10,30,1986.0,2,90,97213.0,2,1,0,0,0,0,1,0
701,4.2,24,77,1986.0,0,394,105650.0,3,1,0,0,0,0,1,0
243,4.3,10,30,1984.0,9,314,117208.0,3,1,0,0,0,0,1,0
576,3.4,8,44,1986.0,5,384,90000.0,2,0,1,0,0,0,1,0
584,5.0,24,77,1986.0,0,159,98792.0,3,1,0,0,0,0,1,0
937,4.9,0,2,2000.0,3,107,105659.0,3,1,0,0,0,0,1,0
613,4.0,12,50,1995.0,0,312,101060.0,2,0,1,0,0,0,1,0
194,3.6,24,77,1986.0,0,124,104115.0,2,1,0,0,0,0,1,0
1014,4.0,10,45,2006.0,3,262,119040.0,2,0,1,0,0,0,1,0
124,4.1,10,45,2000.0,7,73,138500.0,3,0,1,0,0,0,1,0
547,3.9,10,68,2001.0,5,331,202809.6,2,0,1,0,0,0,1,0
302,4.1,24,77,1986.0,3,280,136325.0,3,0,1,0,0,0,1,0
309,4.9,10,45,2003.0,0,217,122062.0,3,1,0,0,0,0,1,0
1191,3.9,7,41,2010.0,0,368,120000.0,2,0,1,0,1,0,0,0
294,4.8,7,43,2017.0,0,384,200000.0,3,0,1,0,0,0,1,0
1200,4.4,9,39,1999.0,4,93,154258.0,3,1,0,0,0,0,1,0
706,4.2,4,29,1986.0,0,38,103767.0,3,1,0,0,0,0,1,0
521,3.9,13,64,1983.0,0,366,92692.0,2,1,0,0,0,0,1,0
1194,4.6,24,77,1986.0,0,170,105600.0,3,0,1,0,0,1,0,0
1029,5.0,24,77,1986.0,0,328,85000.0,3,0,1,0,0,0,1,0
153,3.3,24,77,1986.0,0,73,103389.0,2,1,0,0,0,0,1,0
756,4.2,13,64,1986.0,0,331,277500.0,3,0,1,0,0,0,1,0
717,4.0,5,0,1986.0,0,281,143040.0,2,0,1,0,0,0,1,0
418,4.4,1,75,2013.0,4,312,177500.0,3,0,1,0,0,0,1,0
500,3.1,10,48,2010.0,0,217,123962.0,2,0,1,0,1,0,0,0
803,3.4,10,48,2007.0,4,331,131425.0,2,1,0,0,0,0,1,0
202,4.1,5,49,1931.0,7,199,152066.0,3,0,1,0,0,0,1,0
518,4.4,15,61,2010.0,5,263,144179.0,3,0,1,0,0,0,1,0
950,5.0,24,77,1986.0,0,389,106005.0,3,1,0,0,0,0,1,0
289,4.3,13,64,2007.0,0,68,142950.0,3,1,0,0,0,0,1,0
684,3.5,15,1,1987.0,5,383,162500.0,2,0,1,0,0,0,1,0
1004,3.1,5,6,1986.0,0,187,124917.0,2,1,0,0,0,1,0,0
1,5.0,10,18,1994.0,2,10,86860.0,3,1,0,0,0,0,1,0
102,3.7,13,11,2015.0,0,301,120000.0,2,0,1,0,0,0,1,0
1017,3.1,15,1,2001.0,5,370,134500.0,2,0,1,0,0,0,1,0
1195,4.2,24,77,1986.0,1,312,158546.0,3,0,1,0,0,0,1,0
440,3.9,10,45,1986.0,4,315,89850.0,2,1,0,0,0,0,1,0
1002,3.5,7,41,1986.0,0,312,115000.0,2,0,1,0,1,0,0,0
229,3.2,7,41,1986.0,0,252,171000.0,2,0,1,0,0,0,1,0
985,4.6,10,45,2015.0,3,247,163200.0,3,0,1,0,0,0,1,0
241,3.6,10,68,1998.0,5,252,100000.0,2,0,1,0,0,0,1,0
259,3.7,24,77,1986.0,0,150,70000.0,2,0,1,0,0,0,1,0
234,3.1,7,41,2009.0,4,252,132903.0,2,0,1,0,0,0,1,0
916,3.7,21,23,1952.0,8,287,66320.0,2,1,0,0,1,0,0,0
1007,4.5,24,77,1986.0,0,312,96000.0,3,0,1,0,1,0,0,0
290,4.9,13,12,2015.0,0,312,105000.0,3,0,1,0,0,0,1,0
160,3.3,10,18,1986.0,0,312,127500.0,2,0,1,0,0,0,1,0
641,2.4,23,73,1980.0,3,103,114893.0,1,1,0,0,0,0,1,0
74,5.0,24,77,2017.0,3,286,89084.0,3,1,0,0,0,0,1,0
1189,3.9,17,7,2008.0,0,340,96250.0,2,0,1,0,0,0,1,0
1016,4.6,10,68,2020.0,0,284,100000.0,3,0,1,0,0,0,1,0
958,4.0,24,77,1986.0,0,190,112500.0,2,0,1,0,0,0,1,0
603,3.2,9,39,1986.0,0,413,115000.0,2,0,1,0,1,0,0,0
799,4.5,24,77,1986.0,0,312,115000.0,3,0,1,0,1,0,0,0
2,2.4,9,39,1986.0,2,336,131465.0,1,1,0,0,0,0,1,0
154,3.8,24,77,1986.0,0,41,114596.0,2,1,0,0,0,0,1,0
632,5.0,24,77,1986.0,0,383,160000.0,3,0,1,0,0,0,1,0
1098,3.3,7,41,1984.0,7,261,120058.0,2,1,0,0,0,0,1,0
448,3.7,10,30,2011.0,0,287,113658.0,2,1,0,0,0,0,1,0
204,3.6,3,16,2011.0,3,312,101825.0,2,0,1,0,0,0,1,0
854,4.1,11,47,1977.0,7,252,95550.0,3,0,1,0,0,0,1,0
597,5.0,24,77,1986.0,0,312,148800.0,3,0,1,0,0,0,1,0
1114,3.4,7,41,1893.0,6,209,105100.0,2,0,1,0,0,0,1,0
813,3.2,10,30,2013.0,4,344,106400.0,2,0,1,0,0,0,1,0
414,4.1,18,8,1830.0,9,103,148644.0,3,1,0,0,0,0,1,0
319,4.5,10,68,1998.0,3,273,90000.0,3,0,1,0,0,0,1,0
486,5.0,24,77,1986.0,0,384,107500.0,3,0,1,0,0,0,1,0
633,4.1,10,68,2016.0,0,55,210000.0,3,0,1,0,0,0,1,0
623,3.5,21,42,1921.0,9,68,109200.0,2,0,1,0,0,0,1,0
487,4.0,10,18,2013.0,0,312,130500.0,2,0,1,0,0,0,1,0
304,3.7,4,29,1903.0,9,100,107575.0,2,1,0,0,0,0,1,0
361,3.8,7,41,1986.0,0,245,104183.0,2,1,0,0,0,0,1,0
35,3.9,10,18,1986.0,4,393,93559.0,2,1,0,0,0,0,1,0
207,2.0,7,41,1986.0,0,87,108078.0,0,1,0,0,0,0,1,0
840,3.6,0,2,1956.0,5,394,117397.0,2,1,0,0,0,0,1,0
190,4.3,10,30,2017.0,0,339,155173.0,3,1,0,0,0,0,1,0
1139,3.7,5,49,1983.0,7,312,131500.0,2,0,1,0,0,0,1,0
196,3.4,15,1,1986.0,0,284,121844.0,2,1,0,0,0,0,1,0
120,3.8,13,12,2009.0,5,310,138615.0,2,1,0,0,0,0,1,0
614,4.1,18,8,1876.0,9,164,114959.0,3,1,0,0,0,0,1,0
1136,5.0,24,77,1986.0,0,66,98065.0,3,1,0,0,0,0,1,0
27,3.7,13,64,1965.0,6,321,80000.0,2,0,1,0,0,0,1,0
219,4.2,10,18,1986.0,2,403,105408.0,3,1,0,0,0,0,1,0
645,4.0,11,46,1871.0,9,384,135403.0,2,0,1,0,0,0,1,0
848,4.7,10,30,2014.0,2,394,85689.0,3,1,0,0,0,0,1,0
537,3.3,10,45,2014.0,0,312,97500.0,2,0,1,0,0,0,1,0
643,4.0,8,44,1927.0,9,33,143096.0,2,0,1,0,0,0,1,0
479,4.2,14,33,1864.0,9,283,129025.0,3,1,0,0,0,0,1,0
475,3.8,11,47,1885.0,5,144,97310.0,2,1,0,0,0,0,1,0
126,4.1,14,51,1995.0,5,34,105301.0,3,1,0,0,0,0,1,0
317,3.2,5,32,1915.0,7,252,85000.0,2,0,1,0,0,0,1,0
506,4.9,10,45,2013.0,3,360,103961.0,3,1,0,0,0,0,1,0
1196,3.5,24,77,1986.0,0,82,84480.0,2,0,1,0,0,0,1,0
29,4.7,10,45,2022.0,3,315,100654.0,3,1,0,0,0,0,1,0
1107,4.1,24,77,1986.0,0,277,87500.0,3,0,1,0,0,0,1,0
1042,5.0,24,77,1986.0,0,124,100304.0,3,1,0,0,0,0,1,0
1142,3.7,24,77,1986.0,3,344,91524.0,2,1,0,0,0,0,1,0
596,3.6,7,41,1978.0,9,103,139754.0,2,1,0,0,0,0,1,0
1124,3.8,22,74,2000.0,9,25,143896.0,2,1,0,0,0,0,1,0
1066,3.7,24,77,1986.0,0,284,140441.0,2,1,0,0,0,0,1,0
726,3.4,4,29,1987.0,7,82,113800.0,2,0,1,0,0,0,1,0
220,4.0,14,51,1925.0,9,242,122173.0,2,1,0,0,0,0,1,0
484,4.0,14,76,1948.0,0,213,66950.0,2,0,1,0,0,0,1,0
16,3.8,14,14,1975.0,2,375,110386.0,2,1,0,0,0,0,1,0
280,3.5,10,68,1986.0,0,56,117991.0,2,1,0,0,0,0,1,0
668,4.1,24,77,1986.0,2,394,120394.0,3,1,0,0,0,0,1,0
1031,3.7,13,12,2002.0,3,16,104134.0,2,1,0,0,0,0,1,0
556,3.8,10,18,2013.0,2,312,135000.0,2,0,1,0,0,0,1,0
780,4.3,9,70,1986.0,0,312,160000.0,3,0,1,0,0,0,1,0
1130,2.5,16,15,1986.0,3,312,86000.0,1,0,1,0,0,0,1,0
601,4.2,10,18,2004.0,0,23,108985.0,3,1,0,0,0,0,1,0
177,5.0,24,77,1986.0,0,312,128933.0,3,0,1,0,0,0,1,0
520,3.6,10,18,1986.0,0,124,108270.0,2,1,0,0,0,0,1,0
1197,3.1,10,45,1986.0,0,338,90413.0,2,1,0,0,0,0,1,0
75,3.7,23,3,1926.0,9,94,111969.0,2,1,0,0,0,0,1,0
835,4.0,5,49,1937.0,5,41,108677.0,2,1,0,0,0,0,1,0
357,4.4,13,12,1995.0,3,13,126313.0,3,1,0,0,0,0,1,0
115,2.9,24,77,1986.0,0,312,105000.0,1,0,1,0,0,0,1,0
926,5.0,13,12,2018.0,2,394,110000.0,3,0,1,0,1,0,0,0
259,3.7,24,77,1986.0,0,150,80000.0,2,0,1,0,0,0,1,0
76,3.7,2,4,1862.0,7,394,115000.0,2,0,1,0,0,0,1,0
13,3.8,24,77,1986.0,0,312,144000.0,2,0,1,0,0,0,1,0
180,4.1,10,45,1998.0,4,217,105326.0,3,1,0,0,0,0,1,0
960,4.3,3,16,1891.0,9,362,85500.0,3,0,1,0,0,0,1,0
600,4.4,9,39,2016.0,0,331,120000.0,3,0,1,0,1,0,0,0
1140,3.9,10,45,1986.0,2,360,97269.0,2,1,0,0,0,0,1,0
913,3.5,13,11,1929.0,7,337,107540.0,2,1,0,0,0,0,1,0
1009,4.0,24,77,1986.0,0,321,128000.0,2,0,1,0,0,0,1,0
32,4.3,10,18,1982.0,9,332,146700.0,3,0,1,0,0,0,1,0
30,3.6,15,1,2013.0,0,73,103000.0,2,0,1,0,1,0,0,0
320,3.0,10,45,2005.0,2,217,165000.0,1,0,1,0,0,0,1,0
281,4.2,6,56,2006.0,5,394,127503.0,3,1,0,0,0,0,1,0
396,4.2,10,30,2001.0,5,336,130064.0,3,1,0,0,0,0,1,0
242,4.0,10,30,2006.0,0,331,177000.0,2,0,1,0,0,0,1,0
884,4.6,10,30,1986.0,3,312,115200.0,3,0,1,0,0,0,1,0
41,3.4,24,77,1986.0,1,68,113505.0,2,0,1,0,0,0,1,0
506,4.9,10,45,2013.0,3,360,160000.0,3,0,1,0,0,0,1,0
1172,4.1,14,76,1955.0,9,210,92926.0,3,1,0,0,0,0,1,0
130,3.6,13,64,2002.0,5,321,106164.0,2,1,0,0,0,0,1,0
561,3.9,12,50,1958.0,5,157,96696.0,2,1,0,0,0,0,1,0
588,4.5,13,12,2007.0,4,160,81665.0,3,1,0,0,0,0,1,0
720,3.8,11,47,2016.0,0,274,157194.0,2,1,0,0,0,0,1,0
149,4.7,10,45,2008.0,0,10,118715.0,3,1,0,0,0,0,1,0
296,4.2,24,77,1986.0,0,94,101597.0,3,1,0,0,0,0,1,0
188,4.3,13,64,1986.0,3,107,112735.0,3,1,0,0,0,0,1,0
737,2.0,24,77,1986.0,0,256,120000.0,0,0,1,0,0,0,1,0
311,4.0,10,45,1999.0,2,312,127500.0,2,0,1,0,0,0,1,0
819,4.1,10,45,1986.0,0,312,211200.0,3,0,1,0,0,0,1,0
107,4.0,14,51,1860.0,7,312,121320.0,2,0,1,0,0,0,1,0
289,4.3,13,64,2007.0,0,267,189828.0,3,1,0,0,0,0,1,0
1039,3.9,3,16,1787.0,1,287,81020.0,2,1,0,0,0,0,1,0
1179,4.0,24,77,1986.0,0,282,79680.0,2,0,1,0,0,0,1,0
266,3.3,11,47,1922.0,6,170,132103.0,2,1,0,0,0,0,1,0
743,3.7,7,41,2012.0,0,73,110585.0,2,1,0,0,0,0,1,0
46,3.5,10,48,2015.0,0,331,135000.0,2,0,1,0,0,0,1,0
941,2.9,10,45,1986.0,0,194,96534.0,1,1,0,0,0,0,1,0
720,3.8,11,47,2016.0,0,274,151056.0,2,1,0,0,0,0,1,0
481,4.1,10,18,1939.0,0,358,102849.0,3,1,0,0,0,0,1,0
1025,3.8,13,12,1984.0,3,321,107008.0,2,1,0,0,0,0,1,0
758,3.7,10,68,2000.0,3,78,113783.0,2,1,0,0,0,0,1,0
992,4.0,10,45,2006.0,3,262,119884.8,2,0,1,0,0,0,1,0
555,4.7,10,30,2008.0,4,13,103589.0,3,1,0,0,0,0,1,0
754,5.0,10,45,1986.0,0,371,109535.0,3,1,0,0,0,0,1,0
951,4.4,9,70,2012.0,3,312,124800.0,3,0,1,0,0,0,1,0
95,3.7,14,21,2010.0,3,146,121000.0,2,0,1,0,0,0,1,0
709,3.9,10,48,2010.0,0,199,150000.0,2,0,1,0,0,0,1,0
49,3.7,24,77,1986.0,0,10,165000.0,2,0,1,0,0,0,1,0
769,3.7,10,30,1991.0,5,339,140000.0,2,0,1,0,0,0,1,0
511,4.2,24,77,1986.0,0,159,112500.0,3,0,1,0,0,0,1,0
496,4.0,10,48,2017.0,0,103,111705.0,2,1,0,0,0,0,1,0
370,4.1,15,80,1991.0,0,62,152469.0,3,1,0,0,0,0,1,0
1055,3.3,5,6,2019.0,8,68,103550.0,2,1,0,0,0,0,1,0
853,3.5,7,43,2022.0,0,68,107200.0,2,0,1,0,0,0,1,0
675,3.9,10,48,2004.0,9,252,140000.0,2,0,1,0,0,0,1,0
784,3.7,10,48,2009.0,0,252,122500.0,2,0,1,0,0,0,1,0
388,3.5,10,48,1996.0,7,252,190000.0,2,0,1,0,0,0,1,0
17,4.6,10,18,1969.0,3,312,120000.0,3,0,1,0,0,0,1,0
1174,4.1,10,48,2006.0,5,252,152375.0,3,0,1,0,0,0,1,0
825,4.6,10,45,2009.0,4,394,139568.0,3,1,0,0,0,0,1,0
26,5.0,10,45,1986.0,0,360,97529.0,3,1,0,0,0,0,1,0
548,4.1,10,30,1992.0,0,84,92424.0,3,1,0,0,0,0,1,0
1122,4.2,10,45,2010.0,0,167,91384.0,3,1,0,0,0,0,1,0
211,4.0,21,20,1889.0,0,97,112454.0,2,1,0,0,0,0,1,0
217,4.2,24,77,1986.0,0,13,109582.0,3,1,0,0,0,0,1,0
1154,3.6,10,18,1970.0,9,228,154642.0,2,1,0,0,0,0,1,0
1156,3.3,23,3,2013.0,5,384,170000.0,2,0,1,0,0,0,1,0
543,4.0,6,56,1986.0,0,217,131751.0,2,1,0,0,0,0,1,0
872,3.7,24,77,1986.0,0,312,129600.0,2,0,1,0,1,0,0,0
1033,5.0,24,77,1986.0,1,217,125279.0,3,1,0,0,0,0,1,0
185,3.1,21,25,1972.0,8,105,110000.0,2,0,1,0,0,0,1,0
988,3.7,22,74,2001.0,9,29,132000.0,2,0,1,0,0,0,1,0
851,4.0,10,45,1986.0,0,164,106755.0,2,1,0,0,0,0,1,0
720,3.8,11,47,2016.0,0,274,149823.0,2,1,0,0,0,0,1,0
619,4.1,11,46,1966.0,7,94,123627.0,3,1,0,0,0,0,1,0
578,3.8,14,33,1906.0,8,21,109639.0,2,1,0,0,0,0,1,0
38,3.6,10,48,2014.0,8,331,153564.0,2,1,0,0,0,0,1,0
541,4.9,10,45,2011.0,2,384,110400.0,3,0,1,0,0,0,1,0
921,4.2,12,50,1866.0,7,73,147171.0,3,1,0,0,0,0,1,0
292,4.2,10,30,2011.0,6,312,145000.0,3,0,1,0,0,0,1,0
385,4.4,21,81,2017.0,0,312,217000.0,3,0,1,0,0,0,1,0
315,4.0,13,12,1850.0,9,94,113366.0,2,1,0,0,0,0,1,0
836,3.9,10,18,1986.0,3,394,119132.0,2,1,0,0,0,0,1,0
300,4.6,13,12,2005.0,4,13,102778.0,3,1,0,0,0,0,1,0
939,3.9,10,18,2018.0,0,368,150221.0,2,1,0,0,0,0,1,0
871,3.0,24,77,1986.0,0,312,112500.0,1,0,1,0,0,0,1,0
195,3.1,7,41,1963.0,9,396,129008.0,2,0,1,0,0,0,1,0
1056,4.1,10,30,2014.0,0,199,77500.0,3,0,1,0,0,0,1,0
505,4.1,10,18,1968.0,9,285,154271.0,3,0,1,0,0,0,1,0
1053,4.7,24,77,1986.0,0,315,136610.0,3,1,0,0,0,0,1,0
906,4.3,4,29,1836.0,9,202,110474.0,3,1,0,0,0,0,1,0
256,3.6,4,29,1986.0,7,157,99291.0,2,1,0,0,0,0,1,0
796,3.6,10,45,2017.0,8,0,112000.0,2,0,1,0,0,0,1,0
157,3.3,10,68,2001.0,6,384,143350.0,2,0,1,0,0,0,1,0
91,4.0,7,41,1986.0,2,126,85517.0,2,1,0,0,0,0,1,0
1190,3.2,14,21,1977.0,7,276,108620.0,2,1,0,0,0,0,1,0
450,4.1,21,81,1927.0,9,180,98911.0,3,1,0,0,0,0,1,0
812,3.7,5,6,1991.0,5,333,82980.0,2,1,0,0,0,0,1,0
944,4.1,23,3,1967.0,9,94,183950.0,3,0,1,0,0,0,1,0
441,3.4,4,29,1933.0,9,391,147222.0,2,1,0,0,0,0,1,0
658,3.8,7,41,1986.0,9,320,106675.2,2,0,1,0,1,0,0,0
1037,4.1,11,47,1853.0,9,143,142550.0,3,0,1,0,0,0,1,0
1184,2.4,15,1,2000.0,0,252,105000.0,1,0,1,0,0,0,1,0
390,3.8,6,56,1908.0,0,75,93234.0,2,1,0,0,0,0,1,0
150,4.0,14,17,2012.0,4,397,100000.0,2,0,1,0,0,0,1,0
710,4.2,10,48,1997.0,8,200,164645.0,3,1,0,0,0,0,1,0
116,4.3,10,18,2017.0,0,29,95000.0,3,0,1,0,0,0,1,0
381,3.7,5,32,1968.0,8,41,109136.0,2,1,0,0,0,0,1,0
255,3.8,10,48,1986.0,0,312,218000.0,2,0,1,0,0,0,1,0
924,3.5,21,57,1910.0,8,85,125168.0,2,1,0,0,0,0,1,0
942,4.1,3,16,1911.0,0,94,103668.0,3,1,0,0,0,0,1,0
795,3.5,10,30,2010.0,3,121,106121.0,2,1,0,0,0,0,1,0
1083,3.9,23,3,1926.0,9,73,106982.0,2,1,0,0,0,0,1,0
1117,3.7,5,49,1975.0,0,208,127727.0,2,1,0,0,0,0,1,0
789,4.6,24,77,1986.0,0,273,103085.0,3,1,0,0,0,0,1,0
173,4.3,10,45,2007.0,0,360,121848.0,3,1,0,0,0,0,1,0
1133,4.3,10,30,2013.0,0,412,84210.0,3,1,0,0,0,0,1,0
364,3.9,5,6,2004.0,7,73,114200.0,2,1,0,0,0,0,1,0
875,3.8,7,41,1915.0,7,257,99480.0,2,1,0,0,0,0,1,0
773,3.8,15,1,1926.0,8,252,87500.0,2,0,1,0,0,0,1,0
567,4.2,18,8,1887.0,9,156,111036.0,3,1,0,0,0,0,1,0
22,4.0,11,47,1985.0,9,361,115848.0,2,1,0,0,0,0,1,0
77,3.5,11,46,1986.0,0,122,36480.0,2,0,1,0,0,0,1,0
1047,3.4,10,48,2016.0,0,332,192000.0,2,0,1,0,0,0,1,0
19,3.6,10,18,1989.0,9,372,138012.0,2,1,0,0,0,0,1,0
1015,4.0,10,48,1998.0,0,274,108230.0,2,0,1,0,0,0,1,0
620,4.0,10,45,1986.0,0,8,118614.0,2,1,0,0,0,0,1,0
1127,3.2,15,1,1999.0,0,165,87500.0,2,0,1,0,1,0,0,0
430,4.0,11,47,2004.0,8,317,93100.0,2,0,1,0,0,0,1,0
830,4.3,5,49,1950.0,4,311,113500.0,3,0,1,0,0,0,1,0
485,4.0,10,18,1885.0,9,175,100811.0,2,1,0,0,0,0,1,0
572,4.2,18,8,1887.0,9,374,182500.0,3,0,1,0,0,0,1,0
512,4.2,5,0,1986.0,2,114,103197.0,3,1,0,0,0,0,1,0
675,3.9,10,48,2004.0,9,252,169000.0,2,0,1,0,0,0,1,0
572,4.2,18,8,1887.0,9,208,83379.0,3,1,0,0,0,0,1,0
31,3.5,15,1,2012.0,5,252,100000.0,2,0,1,0,0,0,1,0
760,3.8,10,30,1977.0,9,344,136049.0,2,1,0,0,0,0,1,0
284,3.7,14,28,1851.0,9,373,115611.0,2,1,0,0,0,0,1,0
450,4.1,21,81,1927.0,9,180,99810.0,3,1,0,0,0,0,1,0
99,3.8,2,4,1986.0,0,10,142500.0,2,0,1,0,0,0,1,0
347,3.4,18,8,2018.0,0,229,122500.0,2,0,1,0,0,0,1,0
97,4.2,10,18,1976.0,9,18,130271.0,3,1,0,0,0,0,1,0
707,3.7,6,56,1962.0,0,124,135818.0,2,0,1,0,0,0,1,0
133,5.0,10,45,2009.0,3,331,145481.0,3,1,0,0,0,0,1,0
679,4.3,10,18,1975.0,9,308,165200.0,3,0,1,0,0,0,1,0
1129,3.8,22,74,1986.0,7,58,125500.0,2,0,1,1,0,0,0,0
586,4.0,10,48,2012.0,0,41,124727.0,2,1,0,0,0,0,1,0
1100,4.2,3,16,1851.0,0,230,77748.0,3,1,0,0,0,0,1,0
755,3.88634903640257,14,21,1986.0,0,237,98352.0,2,1,0,0,0,0,1,0
615,4.3,0,2,2004.0,5,22,97703.0,3,1,0,0,0,0,1,0
169,4.2,13,12,1914.0,8,384,119500.0,3,0,1,0,0,0,1,0
200,3.0,14,51,1999.0,5,28,85819.0,1,1,0,0,0,1,0,0
1135,3.1,7,41,2001.0,7,345,92025.0,2,1,0,0,0,0,1,0
616,4.1,24,77,1986.0,0,376,112500.0,3,0,1,0,0,0,1,0
337,4.3,5,0,1972.0,4,127,90082.0,3,1,0,0,0,0,1,0
134,5.0,13,12,1986.0,0,383,102868.0,3,1,0,0,0,0,1,0
1183,4.2,11,47,1872.0,9,342,95536.0,3,1,0,0,0,0,1,0
846,3.2,21,81,1967.0,6,86,113545.0,2,1,0,0,0,0,1,0
800,5.0,24,77,1986.0,0,63,107506.0,3,1,0,0,0,0,1,0
105,4.3,6,56,2012.0,4,367,92347.0,3,1,0,0,0,0,1,0
623,3.5,21,42,1921.0,9,68,133850.0,2,0,1,0,0,0,1,0
621,4.2,13,12,1961.0,5,394,117278.0,3,1,0,0,0,0,1,0
1165,4.1,24,77,1986.0,7,394,95843.0,3,1,0,0,0,0,0,1
195,3.1,7,41,1963.0,9,396,156303.0,2,0,1,0,0,0,1,0
271,3.4,18,8,2018.0,0,291,113315.0,2,1,0,0,0,0,1,0
483,3.8,21,42,1978.0,9,15,90484.0,2,1,0,0,0,0,1,0
733,3.8,5,6,1889.0,8,73,120190.0,2,1,0,0,0,0,1,0
549,4.7,10,68,2007.0,3,159,99086.0,3,1,0,0,0,0,1,0
809,3.3,10,18,2014.0,0,187,128191.0,2,1,0,0,0,0,1,0
201,4.8,10,68,2006.0,4,363,80239.0,3,1,0,0,0,0,1,0
782,4.1,4,29,1965.0,7,316,118578.0,3,1,0,0,0,0,1,0
5,3.5,7,41,2011.0,2,3,100000.0,2,0,1,0,1,0,0,0
85,3.5,14,33,1852.0,9,324,184050.0,2,0,1,0,0,0,1,0
55,3.4,11,46,1931.0,9,73,104850.0,2,0,1,0,0,0,1,0
509,5.0,24,77,1986.0,0,315,119053.0,3,1,0,0,0,0,1,0
680,3.9,24,77,1986.0,0,265,95000.0,2,0,1,0,0,0,1,0
1143,4.7,24,77,1986.0,0,150,121754.0,3,1,0,0,0,0,1,0
1148,4.1,3,16,1853.0,7,324,87600.0,3,0,1,0,0,0,0,1
220,4.0,14,51,1925.0,9,242,110096.0,2,1,0,0,0,0,1,0
923,3.5,13,12,1986.0,4,18,105167.0,2,1,0,0,0,0,1,0
216,3.9,10,18,2013.0,0,331,163000.0,2,1,0,0,0,0,1,0
238,3.7,11,47,1792.0,9,170,86750.0,2,0,1,0,0,0,1,0
675,3.9,10,48,2004.0,9,221,169000.0,2,0,1,0,0,0,1,0
168,4.2,13,12,1914.0,8,259,119500.0,3,0,1,0,0,0,1,0
63,3.9,14,21,1919.0,9,317,105625.0,2,0,1,0,0,0,1,0
679,4.3,10,18,1975.0,9,308,138450.0,3,0,1,0,0,0,1,0
406,3.3,24,77,1986.0,0,312,115000.0,2,0,1,0,0,0,1,0
614,4.1,18,8,1876.0,9,164,99725.0,3,1,0,0,0,0,1,0
277,5.0,24,77,1986.0,0,360,99015.0,3,1,0,0,0,0,1,0
508,3.3,24,77,1986.0,0,312,144000.0,2,0,1,0,0,0,1,0
82,3.6,10,45,2009.0,3,384,119500.0,2,0,1,0,0,0,1,0
695,4.2,10,30,1986.0,2,15,107540.0,3,1,0,0,0,0,1,0
879,3.9,17,22,2011.0,0,344,165124.0,2,0,1,0,0,0,1,0
127,5.0,24,77,1986.0,0,78,103135.0,3,1,0,0,0,0,1,0
656,4.7,16,37,1986.0,3,174,85731.0,3,1,0,0,0,0,1,0
940,3.1,9,39,1998.0,5,289,113304.0,2,1,0,0,0,0,1,0
510,3.8,4,29,1997.0,0,154,91054.0,2,1,0,0,0,0,1,0
818,5.0,10,30,2016.0,0,73,106296.0,3,1,0,0,0,1,0,0
195,3.1,7,41,1963.0,9,252,129008.0,2,0,1,0,0,0,1,0
847,4.1,10,18,2006.0,0,331,117768.0,3,0,1,0,0,0,1,0
640,3.0,15,1,2003.0,5,312,133400.0,1,0,1,0,0,0,1,0
663,3.7,7,41,1833.0,9,166,141900.0,2,0,1,0,0,0,1,0
408,5.0,10,45,1986.0,0,124,108527.0,3,1,0,0,0,0,1,0
69,3.8,10,48,2006.0,9,339,111600.0,2,0,1,0,0,0,1,0
321,3.3,10,30,1986.0,3,124,106463.0,2,1,0,0,0,0,1,0
1041,4.1,15,61,1877.0,0,394,137021.0,3,1,0,0,0,0,1,0
368,3.9,24,77,1986.0,0,259,110340.0,2,1,0,0,0,0,1,0
679,4.3,10,18,1975.0,9,308,138450.0,3,0,1,0,0,0,1,0
1014,4.0,10,45,2006.0,3,312,159360.0,2,0,1,0,0,0,1,0
907,4.5,3,16,1923.0,4,176,93276.0,3,1,0,0,0,0,1,0
438,5.0,24,77,1986.0,0,184,102971.0,3,1,0,0,0,0,1,0
519,4.2,10,48,2004.0,7,312,201000.0,3,0,1,0,0,0,1,0
233,4.0,20,65,1946.0,8,15,135770.0,2,1,0,0,0,0,1,0
292,4.2,10,30,2011.0,6,312,142500.0,3,0,1,0,0,0,1,0
109,4.1,10,68,2022.0,0,306,125000.0,3,0,1,0,0,0,1,0
755,4.1,14,21,1986.0,0,237,98352.0,3,1,0,0,0,0,1,0
7,3.8,13,12,1979.0,2,313,101743.0,2,1,0,0,0,0,1,0
1143,4.9,24,77,1986.0,0,150,121754.0,3,1,0,0,0,0,1,0
406,3.6,24,77,1986.0,0,312,115000.0,2,0,1,0,0,0,1,0
508,3.6,24,77,1986.0,0,312,144000.0,2,0,1,0,0,0,1,0
949,3.9,24,77,1986.0,0,18,95000.0,2,0,1,0,0,0,1,0
820,4.6,3,16,1746.0,0,299,116699.0,3,1,0,0,0,0,1,0
505,4.1,10,18,1968.0,9,152,233162.0,3,0,1,0,0,0,1,0
32,4.3,10,18,1982.0,9,332,178300.0,3,0,1,0,0,0,1,0
136,3.4,14,51,1914.0,7,229,102510.0,2,1,0,0,0,0,1,0
564,4.1,6,56,1984.0,5,257,78400.0,3,0,1,0,0,0,1,0
861,3.6,14,14,2017.0,0,60,147821.0,2,1,0,0,0,0,1,0
505,4.1,10,18,1968.0,9,152,180906.0,3,0,1,0,0,0,1,0
1188,3.7,24,77,1986.0,0,80,114380.0,2,1,0,0,0,0,1,0
93,4.6,10,48,2011.0,0,99,197500.0,3,0,1,0,0,0,1,0
391,3.6,5,6,1913.0,5,77,115082.0,2,1,0,0,0,0,1,0
617,3.4,20,65,1959.0,0,100,100087.0,2,1,0,0,0,0,1,0
227,3.3,18,8,1947.0,7,253,50000.0,2,0,1,0,1,0,0,0
501,4.0,16,37,1963.0,5,286,98128.0,2,1,0,0,0,0,1,0
384,3.9,10,48,2004.0,9,331,140000.0,2,0,1,0,0,0,1,0
550,4.4,10,68,1983.0,9,243,185182.0,3,1,0,0,0,0,1,0
471,3.9,3,16,1957.0,0,26,69890.0,2,0,1,0,0,0,1,0
1126,4.3,5,6,2002.0,0,81,94497.0,3,1,0,0,0,0,1,0
1149,3.8,21,34,1902.0,8,395,132679.0,2,1,0,0,0,0,1,0
630,4.4,3,16,1861.0,7,56,117500.0,3,0,1,0,0,0,1,0
456,3.0,5,32,1999.0,7,312,134700.0,1,0,1,0,0,0,1,0
747,3.1,24,77,1986.0,0,68,102474.0,2,1,0,0,0,0,1,0
524,4.3,10,30,2013.0,0,312,145000.0,3,0,1,0,0,0,1,0
639,4.1,10,30,1990.0,6,15,104676.0,3,1,0,0,0,0,1,0
123,2.9,11,47,1900.0,8,87,162050.0,1,0,1,0,0,0,1,0
288,4.0,10,45,2014.0,0,165,80300.0,2,0,1,0,0,0,1,0
745,3.8,4,29,1964.0,7,76,92620.0,2,1,0,0,0,0,1,0
666,4.1,18,8,1891.0,9,305,115303.0,3,1,0,0,0,0,1,0
593,3.6,24,77,1986.0,0,312,127067.0,2,0,1,0,0,0,1,0
558,4.7,24,77,1986.0,0,315,117683.0,3,1,0,0,0,0,1,0
292,4.2,10,30,2011.0,6,312,225000.0,3,0,1,0,0,0,1,0
515,4.2,5,6,2017.0,0,224,129194.0,3,1,0,0,0,0,1,0
822,4.1,14,21,1837.0,9,215,100000.0,3,0,1,0,0,0,1,0
505,4.1,10,18,1968.0,9,285,137177.0,3,0,1,0,0,0,1,0
751,3.2,11,47,1887.0,0,73,92264.0,2,1,0,0,0,0,1,0
250,4.8,13,64,2013.0,0,17,109294.0,3,1,0,0,0,0,1,0
960,4.3,3,16,1891.0,9,362,187500.0,3,0,1,0,0,0,1,0
179,3.9,14,21,1845.0,7,222,90567.0,2,1,0,0,0,0,1,0
385,4.4,21,81,2017.0,0,312,185250.0,3,0,1,0,0,0,1,0
1020,3.5,6,71,1957.0,0,18,117251.0,2,0,1,0,0,0,1,0
175,3.9,14,76,1931.0,9,2,94837.0,2,1,0,0,0,0,1,0
1121,3.4,5,32,2009.0,0,332,124350.0,2,0,1,0,0,0,1,0
529,4.6,10,45,1986.0,0,317,101083.0,3,1,0,0,0,0,1,0
1012,3.5,7,41,2002.0,7,73,106090.0,2,1,0,0,0,0,1,0
1047,3.4,10,48,2016.0,0,243,145889.0,2,0,1,0,0,0,1,0
312,5.0,10,45,2021.0,2,252,130000.0,3,0,1,0,0,0,1,0
159,3.4,11,47,1937.0,5,41,159100.0,2,0,1,0,0,0,1,0
222,2.9,24,77,1986.0,0,275,103023.0,1,1,0,0,0,0,1,0
687,3.9,5,49,1935.0,9,252,162943.0,2,1,0,0,0,0,1,0
493,3.6,5,6,1866.0,9,82,98365.0,2,1,0,0,0,0,1,0
421,4.1,13,12,1979.0,7,166,113250.0,3,0,1,0,0,0,1,0
282,3.0,11,47,1987.0,6,296,100265.0,1,0,1,0,0,0,1,0
627,4.0,10,30,2007.0,3,78,111711.0,2,1,0,0,0,0,1,0
736,3.9,24,77,1986.0,0,56,141000.0,2,0,1,0,0,0,1,0
393,3.8,10,48,2015.0,0,52,145008.0,2,1,0,0,0,0,1,0
1170,3.3,4,29,1909.0,9,99,98434.0,2,0,1,0,0,0,1,0
960,4.3,3,16,1891.0,9,362,99000.0,3,0,1,0,0,0,1,0
899,3.3,13,64,1886.0,4,41,86500.0,2,0,1,0,0,0,1,0
1142,3.7,24,77,1986.0,3,19,100407.0,2,1,0,0,0,0,1,0
398,3.2,15,1,1986.0,1,41,117251.0,2,0,1,0,0,0,1,0
866,3.4,24,77,1986.0,0,310,200000.0,2,0,1,0,0,0,1,0
864,4.1,13,64,1963.0,5,252,81500.0,3,0,1,0,0,0,1,0
550,4.4,10,68,1983.0,9,330,159240.0,3,1,0,0,0,0,1,0
442,3.6,22,13,2003.0,4,88,96459.0,2,1,0,0,0,0,1,0
464,3.3,24,77,1986.0,0,73,100130.0,2,1,0,0,0,0,1,0
88,3.7,24,77,1986.0,0,312,112500.0,2,0,1,0,1,0,0,0
220,4.0,14,51,1925.0,9,242,120787.0,2,1,0,0,0,0,1,0
313,3.7,21,57,1980.0,0,252,150000.0,2,0,1,0,0,0,1,0
614,4.1,18,8,1876.0,9,164,114059.0,3,1,0,0,0,0,1,0
329,3.8,15,31,1923.0,9,179,107557.0,2,1,0,0,0,0,1,0
1116,3.5,10,68,1991.0,0,73,97046.0,2,1,0,0,0,0,1,0
782,4.1,4,29,1965.0,7,316,92955.0,3,1,0,0,0,0,1,0
1105,4.2,3,16,1861.0,7,344,117251.0,3,0,1,0,0,0,1,0
863,3.5,4,29,1998.0,8,285,96932.0,2,1,0,0,0,0,1,0
633,4.1,10,68,2016.0,0,55,215000.0,3,0,1,0,0,0,1,0
318,4.4,10,30,2017.0,0,312,172500.0,3,0,1,0,0,0,1,0
693,3.4,10,30,2012.0,5,182,75000.0,2,0,1,0,0,0,1,0
1038,4.2,3,16,1890.0,7,73,108786.0,3,1,0,0,0,0,1,0
452,4.3,10,48,2009.0,0,384,253500.0,3,0,1,0,0,0,1,0
936,3.0,24,77,1986.0,0,289,111388.0,1,1,0,0,0,0,1,0
117,4.0,10,68,2002.0,0,331,165911.0,2,1,0,0,0,0,1,0
168,4.2,13,12,1914.0,8,394,119550.0,3,0,1,0,0,0,1,0
98,4.1,14,28,1967.0,9,18,171000.0,3,0,1,0,0,0,1,0
146,3.9,18,8,1863.0,9,72,132500.0,2,0,1,0,0,0,1,0
160,2.9,10,18,1986.0,0,312,127500.0,1,0,1,0,0,0,1,0
1139,3.7,5,49,1983.0,7,384,131500.0,2,0,1,0,0,0,1,0
556,3.6,10,18,2013.0,2,312,135000.0,2,0,1,0,0,0,1,0
875,3.8,7,41,1915.0,7,257,98558.0,2,1,0,0,0,0,1,0
703,3.6,24,77,1986.0,0,312,120000.0,2,0,1,0,0,0,1,0
871,3.6,24,77,1986.0,0,312,112500.0,2,0,1,0,0,0,1,0
1143,3.7,24,77,1986.0,0,150,121754.0,2,1,0,0,0,0,1,0
1143,5.0,24,77,1986.0,0,150,121754.0,3,1,0,0,0,0,1,0
333,3.3,24,77,1986.0,0,312,145000.0,2,0,1,0,0,0,1,0
25,5.0,10,45,1986.0,0,360,97529.0,3,1,0,0,0,0,1,0
259,4.7,24,77,1986.0,0,150,70000.0,3,0,1,0,0,0,1,0
1175,2.9,14,21,2013.0,0,87,120000.0,1,0,1,0,0,0,1,0
361,4.5,7,41,1986.0,0,245,104183.0,3,1,0,0,0,0,1,0
228,3.2,7,41,1986.0,0,252,171000.0,2,0,1,0,0,0,1,0
957,4.0,24,77,1986.0,0,190,112500.0,2,0,1,0,0,0,1,0
115,3.3,24,77,1986.0,0,312,105000.0,2,0,1,0,0,0,1,0
1077,2.6,15,61,1933.0,5,394,121010.0,1,1,0,0,0,0,1,0
850,4.0,10,45,1986.0,0,164,106755.0,2,1,0,0,0,0,1,0
1008,4.0,24,77,1986.0,0,321,128000.0,2,0,1,0,0,0,1,0
29,3.0,10,45,2022.0,3,315,100654.0,1,1,0,0,0,0,1,0
94,3.7,14,21,2010.0,3,146,121000.0,2,0,1,0,0,0,1,0
538,4.1,24,77,1986.0,0,384,97500.0,3,0,1,0,0,0,1,0
320,3.7,10,45,2005.0,2,217,165000.0,2,0,1,0,0,0,1,0
746,3.1,24,77,1986.0,0,68,102474.0,2,1,0,0,0,0,1,0
666,4.1,18,8,1891.0,9,305,80500.0,3,0,1,0,0,0,1,0
794,3.5,10,30,2010.0,3,121,106121.0,2,1,0,0,0,0,1,0
1128,3.8,22,74,1986.0,7,58,125500.0,2,0,1,1,0,0,0,0
1093,4.1,3,16,1965.0,5,236,71500.0,3,0,1,0,0,0,1,0
556,2.9,10,18,2013.0,2,312,135000.0,1,0,1,0,0,0,1,0
703,2.9,24,77,1986.0,0,312,120000.0,1,0,1,0,0,0,1,0
814,4.4,10,68,2019.0,0,334,106167.0,3,1,0,0,0,0,1,0
701,3.1,24,77,1986.0,0,394,105650.0,2,1,0,0,0,0,1,0
630,4.4,3,16,1861.0,7,56,117500.0,3,0,1,0,0,0,1,0
824,4.6,10,45,2009.0,4,394,139568.0,3,1,0,0,0,0,1,0
417,4.4,1,75,2013.0,4,312,177500.0,3,0,1,0,0,0,1,0
217,2.6,24,77,1986.0,0,13,109582.0,1,1,0,0,0,0,1,0
530,3.1,24,77,1986.0,0,13,120000.0,2,0,1,0,0,0,1,0
933,4.0,13,12,2001.0,7,394,164029.0,2,1,0,0,0,0,1,0
1150,5.0,0,2,1986.0,0,365,58269.0,3,1,0,0,1,0,0,0
587,4.5,13,12,2007.0,4,160,81665.0,3,1,0,0,0,0,1,0
618,4.1,11,46,1966.0,7,94,123627.0,3,1,0,0,0,0,1,0
325,3.4,10,45,2012.0,0,350,109295.0,2,1,0,0,0,0,1,0
206,2.0,7,41,1986.0,0,87,108078.0,0,1,0,0,0,0,1,0
1053,4.9,24,77,1986.0,0,315,136610.0,3,1,0,0,0,0,1,0
872,4.0,24,77,1986.0,0,312,129600.0,2,0,1,0,1,0,0,0
983,3.8,6,56,2016.0,0,192,89179.0,2,1,0,0,0,0,1,0
569,4.0,11,47,1862.0,4,41,105253.0,2,1,0,0,0,0,1,0
1136,4.9,24,77,1986.0,0,66,98065.0,3,1,0,0,0,0,1,0
696,3.7,24,77,1986.0,0,394,153600.0,2,0,1,0,0,0,1,0
406,3.0,24,77,1986.0,0,312,115000.0,1,0,1,0,0,0,1,0
560,5.0,24,77,1986.0,0,124,90765.0,3,1,0,0,0,0,1,0
660,3.8,10,18,1987.0,9,312,141960.0,2,0,1,0,0,0,1,0
449,3.3,24,77,1986.0,0,312,75000.0,2,0,1,0,0,0,1,0
1098,3.3,7,41,1984.0,7,261,128550.0,2,1,0,0,0,0,1,0
855,4.0,24,77,1986.0,0,390,116500.0,2,0,1,0,0,0,1,0
1029,3.5,24,77,1986.0,0,328,85000.0,2,0,1,0,0,0,1,0
494,3.0,24,77,1986.0,0,312,125000.0,1,0,1,0,0,0,1,0
532,4.3,24,77,1986.0,0,394,94060.0,3,0,1,0,1,0,0,0
987,4.5,0,2,1972.0,5,259,111939.0,3,1,0,0,0,0,1,0
546,3.9,10,68,2001.0,5,331,202809.6,2,0,1,0,0,0,1,0
194,3.7,24,77,1986.0,0,124,104115.0,2,1,0,0,0,0,1,0
530,4.2,24,77,1986.0,0,13,120000.0,3,0,1,0,0,0,1,0
561,3.9,12,50,1958.0,5,157,96735.0,2,1,0,0,0,0,1,0
299,4.6,13,12,2005.0,4,13,102778.0,3,1,0,0,0,0,1,0
48,5.0,24,77,1986.0,0,10,165000.0,3,0,1,0,0,0,1,0
703,3.8,24,77,1986.0,0,312,120000.0,2,0,1,0,0,0,1,0
823,3.4,10,48,2005.0,0,220,112500.0,2,0,1,0,1,0,0,0
872,2.9,24,77,1986.0,0,312,129600.0,1,0,1,0,1,0,0,0
799,3.7,24,77,1986.0,0,312,115000.0,2,0,1,0,1,0,0,0
12,3.3,24,77,1986.0,0,312,144000.0,2,0,1,0,0,0,1,0
259,3.0,24,77,1986.0,0,150,80000.0,1,0,1,0,0,0,1,0
1011,3.8,10,68,2009.0,3,312,163200.0,2,0,1,0,0,0,1,0
1001,3.3,10,30,2017.0,3,55,135000.0,2,0,1,0,1,0,0,0
451,4.3,10,48,2009.0,0,384,253500.0,3,0,1,0,0,0,1,0
308,3.0,16,37,1986.0,2,317,115000.0,1,0,1,0,0,0,1,0
144,5.0,6,56,2013.0,0,150,119357.0,3,1,0,0,0,0,1,0
201,4.8,10,68,2006.0,4,363,80231.0,3,1,0,0,0,0,1,0
722,4.5,24,77,1986.0,0,331,187795.2,3,0,1,0,0,0,1,0
701,4.7,24,77,1986.0,0,394,105650.0,3,1,0,0,0,0,1,0
130,3.6,13,64,2002.0,5,321,114975.0,2,1,0,0,0,0,1,0
838,4.4,24,77,1986.0,1,287,113088.0,3,1,0,1,0,0,0,0
1042,4.7,24,77,1986.0,0,124,100304.0,3,1,0,0,0,0,1,0
331,3.5,24,77,1986.0,0,8,100000.0,2,0,1,0,0,0,1,0
642,4.0,8,44,1927.0,9,33,143096.0,2,0,1,0,0,0,1,0
195,3.1,7,41,1963.0,9,323,149618.0,2,0,1,0,0,0,1,0
1084,3.9,0,2,2006.0,0,99,114321.0,2,1,0,0,0,0,1,0
1030,3.7,13,12,2002.0,3,16,81171.0,2,1,0,0,0,0,1,0
115,3.6,24,77,1986.0,0,312,105000.0,2,0,1,0,0,0,1,0
929,4.7,10,18,2014.0,0,335,192500.0,3,0,1,1,0,0,0,0
1007,3.7,24,77,1986.0,0,312,96000.0,2,0,1,0,1,0,0,0
1024,3.8,13,12,1984.0,3,321,107008.0,2,1,0,0,0,0,1,0
333,3.6,24,77,1986.0,0,312,145000.0,2,0,1,0,0,0,1,0
334,4.0,5,0,1986.0,0,384,62500.0,2,0,1,0,0,0,1,0
117,4.0,10,68,2002.0,0,331,151887.0,2,1,0,0,0,0,1,0
195,3.1,7,41,1963.0,9,252,202009.0,2,0,1,0,0,0,1,0
286,3.2,6,71,1893.0,0,239,88873.0,2,1,0,0,0,0,1,0
540,3.5,24,77,1986.0,0,315,84545.0,2,1,0,0,0,0,1,0
765,2.7,17,7,1986.0,2,312,92160.0,1,0,1,0,0,0,1,0
83,1.0,24,77,1986.0,2,46,127400.0,0,1,0,0,0,0,1,0
528,3.7,9,70,1986.0,0,238,94596.0,2,0,1,0,0,0,1,0
357,4.4,13,12,1995.0,3,13,112271.0,3,1,0,0,0,0,1,0
198,4.0,6,71,1968.0,5,323,117251.0,2,0,1,0,0,0,1,0
108,4.2,10,30,2008.0,0,331,214500.0,3,0,1,0,0,0,1,0
152,3.3,10,45,2004.0,4,308,115200.0,2,0,1,0,0,0,1,0
413,3.8,5,6,1992.0,8,128,141619.0,2,1,0,0,0,0,1,0
1151,4.0,21,57,2004.0,6,193,99839.0,2,1,0,0,0,0,1,0
802,3.9,10,48,2010.0,5,331,203483.0,2,1,0,0,0,0,1,0
224,3.7,4,29,2020.0,7,42,90000.0,2,0,1,0,0,0,1,0
670,3.5,24,77,1986.0,0,285,72211.20000000001,2,0,1,0,0,0,1,0
977,3.6,21,52,1979.0,6,127,103702.0,2,1,0,0,0,0,1,0
183,4.0,14,33,1986.0,9,72,120001.0,2,1,0,0,0,0,1,0
503,4.2,10,45,1998.0,3,139,124800.0,3,0,1,0,0,0,1,0
1005,4.1,10,45,2003.0,3,407,70000.0,3,0,1,0,0,0,1,0
139,4.3,21,57,2011.0,0,312,179829.0,3,0,1,0,0,0,1,0
755,4.2,14,21,1986.0,0,237,98352.0,3,1,0,0,0,0,1,0
45,4.3,10,48,2008.0,0,312,278400.0,3,0,1,0,0,0,1,0
650,3.8,6,71,1986.0,7,41,101000.0,2,0,1,0,1,0,0,0
71,3.7,10,48,1994.0,9,18,111600.0,2,0,1,0,0,0,1,0
341,3.3,4,29,1987.0,0,312,129600.0,2,0,1,0,0,0,1,0
65,3.7,10,48,1994.0,9,344,81000.0,2,0,1,0,0,1,0,0
429,3.9,10,45,1997.0,7,8,107096.0,2,1,0,0,0,0,1,0
499,3.8,18,8,1990.0,7,39,100799.0,2,1,0,0,0,0,1,0
171,3.9,7,41,1869.0,0,41,56350.0,2,1,0,0,0,0,1,0
854,4.1,11,47,1977.0,7,252,115350.0,3,0,1,0,0,0,1,0
474,3.9,10,45,1967.0,9,289,189100.0,2,0,1,0,0,0,1,0
1171,4.2,3,16,1701.0,7,249,105822.0,3,1,0,0,0,0,1,0
465,4.0,13,12,1986.0,2,178,141912.0,2,1,0,0,0,0,1,0
1155,3.2,3,16,1986.0,1,352,79560.0,2,0,1,0,0,0,1,0
147,3.7,3,16,1900.0,7,157,91234.0,2,1,0,0,0,0,1,0
751,3.2,11,47,1887.0,0,73,92264.0,2,1,0,0,0,0,1,0
97,4.2,10,18,1976.0,9,93,186900.0,3,0,1,0,0,0,1,0
1027,3.7,1,69,1993.0,2,369,77063.0,2,1,0,0,0,0,1,0
1050,3.6,21,42,1938.0,9,46,126273.0,2,1,0,0,0,0,1,0
599,4.8,24,77,1986.0,0,274,151062.0,3,1,0,0,0,0,1,0
714,4.0,6,55,1986.0,0,252,80000.0,2,0,1,0,0,0,1,0
353,3.9,24,77,1986.0,0,18,80870.4,2,0,1,0,0,0,1,0
463,3.3,24,77,1986.0,0,73,100130.0,2,1,0,0,0,0,1,0
866,4.2,24,77,1986.0,0,310,200000.0,3,0,1,0,0,0,1,0
768,2.9,10,68,1986.0,0,312,140000.0,1,0,1,0,0,0,1,0
373,3.2,18,8,1987.0,8,81,38400.0,2,0,1,0,0,0,1,0
631,4.4,0,2,1951.0,0,191,134881.0,3,1,0,0,0,0,1,0
468,4.1,24,77,1986.0,3,199,210000.0,3,0,1,0,0,0,1,0
472,3.0,16,15,1970.0,5,252,72500.0,1,0,1,0,0,0,1,0
883,4.3,10,30,1972.0,9,274,157252.0,3,1,0,0,0,0,1,0
837,4.3,18,8,1986.0,0,312,120000.0,3,0,1,0,0,0,1,0
161,4.3,0,2,2019.0,0,10,114433.0,3,1,0,0,0,0,1,0
1072,4.1,6,56,1936.0,9,353,126277.0,3,0,1,0,0,0,1,0
1203,4.0,10,45,2006.0,3,262,117542.4,2,0,1,0,0,0,1,0
492,4.2,14,51,1946.0,6,47,97270.0,3,1,0,0,0,0,1,0
260,4.5,15,1,1986.0,0,245,57601.0,3,1,0,0,0,0,1,0
498,3.7,13,12,1969.0,7,315,129298.0,2,0,1,0,0,0,1,0
1047,3.4,10,48,2016.0,0,332,285500.0,2,0,1,0,0,0,1,0
354,4.9,10,45,1986.0,3,360,119272.0,3,1,0,0,0,0,1,0
276,4.4,9,70,1986.0,0,36,205000.0,3,0,1,0,0,0,1,0
1012,3.5,7,41,2002.0,7,302,122153.0,2,0,1,0,0,0,1,0
192,4.2,24,77,1986.0,0,152,83520.0,3,0,1,0,0,0,1,0
843,4.4,0,2,2003.0,3,160,98400.0,3,1,0,0,0,0,1,0
922,3.5,13,12,1986.0,4,18,105167.0,2,1,0,0,0,0,1,0
550,4.4,10,68,1983.0,9,15,158990.0,3,1,0,0,0,0,1,0
1175,3.6,14,21,2013.0,0,87,120000.0,2,0,1,0,0,0,1,0
612,1.0,18,8,2014.0,0,168,91587.0,0,1,0,0,1,0,0,0
675,3.9,10,48,2004.0,9,221,159000.0,2,0,1,0,0,0,1,0
1192,3.2,15,10,1972.0,8,252,117000.0,2,0,1,0,0,0,1,0
485,4.0,10,18,1885.0,9,15,121016.0,2,1,0,0,0,0,1,0
675,3.9,10,48,2004.0,9,252,115495.0,2,0,1,0,0,1,0,0
880,3.9,8,44,1968.0,8,224,109633.0,2,1,0,0,0,0,1,0
682,3.7,10,30,1938.0,7,132,165000.0,2,0,1,0,0,0,1,0
199,4.3,3,16,1891.0,5,277,106930.0,3,1,0,0,0,0,1,0
621,4.2,13,12,1961.0,5,217,128855.0,3,1,0,0,0,0,1,0
262,3.4,14,28,1947.0,5,298,97442.0,2,1,0,0,0,0,1,0
946,4.0,0,2,2001.0,4,189,113962.0,2,1,0,0,0,0,1,0
690,3.9,10,68,2010.0,5,312,202500.0,2,0,1,0,0,0,1,0
146,3.9,18,8,1863.0,9,72,97814.0,2,1,0,0,0,0,1,0
32,4.3,10,18,1982.0,9,332,193050.0,3,0,1,1,0,0,0,0
827,3.7,13,53,1969.0,0,384,127500.0,2,0,1,0,0,0,1,0
215,3.6,5,49,2012.0,0,331,176035.0,2,1,0,0,0,0,1,0
422,3.0,10,45,1986.0,0,394,139505.0,1,1,0,0,0,0,1,0
559,4.0,5,6,1799.0,9,407,114298.0,2,1,0,0,0,0,1,0
959,4.0,7,41,1957.0,7,310,110841.6,2,0,1,0,0,0,1,0
1185,4.0,18,8,1963.0,7,147,100853.0,2,1,0,0,0,0,1,0
128,3.7,24,77,1986.0,0,78,78862.0,2,1,0,0,0,0,1,0
1036,4.1,11,47,1853.0,9,143,142550.0,3,0,1,0,0,0,1,0
162,4.3,13,12,2013.0,0,312,112500.0,3,0,1,0,0,0,1,0
805,4.1,10,30,2012.0,0,331,226800.0,3,0,1,0,0,0,1,0
910,3.2,3,59,1986.0,6,344,106642.0,2,0,1,0,0,0,1,0
617,3.4,20,65,1959.0,0,100,94082.0,2,1,0,0,0,0,1,0
97,4.2,10,18,1976.0,9,18,137011.0,3,1,0,0,0,0,1,0
90,4.0,7,41,1986.0,2,126,85517.0,2,1,0,0,0,0,1,0
519,4.2,10,48,2004.0,7,312,170000.0,3,0,1,0,0,0,1,0
892,3.7,13,12,1986.0,0,140,98796.0,2,1,0,0,0,0,1,0
878,3.7,15,1,1981.0,0,349,96980.0,2,1,0,0,0,0,1,0
8,3.8,10,45,1990.0,4,137,75000.0,2,0,1,0,0,0,1,0
402,3.7,24,77,1986.0,0,312,225000.0,2,0,1,0,0,0,1,0
68,3.8,10,48,2006.0,9,339,111600.0,2,0,1,0,0,0,1,0
327,3.9,21,5,1960.0,7,343,124742.0,2,1,0,0,0,0,1,0
421,4.1,13,12,1979.0,7,166,113250.0,3,0,1,0,0,0,1,0
246,3.6,5,6,1828.0,8,404,134169.0,2,1,0,0,0,0,1,0
117,4.0,10,68,2002.0,0,18,141718.0,2,1,0,0,0,0,1,0
369,4.1,7,41,2015.0,0,312,162000.0,3,0,1,0,0,0,1,0
343,4.3,13,12,1972.0,5,158,62609.0,3,1,0,0,0,0,1,0
948,3.6,10,45,2008.0,4,312,120000.0,2,0,1,0,0,0,1,0
1117,3.7,5,49,1975.0,0,208,123707.0,2,1,0,0,0,0,1,0
1141,4.4,5,6,1957.0,4,269,117660.0,3,0,1,0,0,0,1,0
237,3.5,7,41,1970.0,6,253,124541.0,2,1,0,0,0,0,1,0
1070,3.7,6,56,1930.0,0,394,100526.0,2,0,1,0,0,0,1,0
336,4.3,5,0,1972.0,4,127,90082.0,3,1,0,0,0,0,1,0
202,4.1,5,49,1931.0,7,199,216517.0,3,0,1,0,0,0,1,0
79,4.2,18,8,1980.0,9,394,116842.0,3,0,1,0,0,0,1,0
131,3.6,18,8,1931.0,9,98,133000.0,2,0,1,0,0,0,1,0
165,3.6,24,77,1986.0,1,312,115000.0,2,0,1,0,0,0,1,0
736,3.9,24,77,1986.0,0,56,141000.0,2,0,1,0,0,0,1,0
252,4.7,10,30,1998.0,0,29,102000.0,3,0,1,0,0,0,1,0
953,4.0,24,77,1986.0,0,394,127152.0,2,1,0,0,0,0,1,0
232,4.0,20,65,1946.0,8,15,135770.0,2,1,0,0,0,0,1,0
1054,4.9,10,45,2021.0,2,199,150000.0,3,0,1,0,0,0,1,0
96,3.6,10,48,2012.0,0,274,216500.0,2,0,1,0,0,0,1,0
1047,3.4,10,48,2016.0,0,344,242500.0,2,0,1,0,0,0,1,0
443,2.7,10,48,2014.0,0,312,210000.0,1,0,1,0,0,0,1,0
462,3.6,0,2,2011.0,9,124,112785.0,2,1,0,0,0,0,1,0
235,3.5,4,29,1980.0,0,157,90222.0,2,1,0,0,0,0,1,0
332,3.9,24,77,1986.0,0,8,75000.0,2,0,1,0,0,0,1,0
64,4.8,10,45,2002.0,3,150,115432.0,3,1,0,0,0,0,1,0
970,4.3,21,81,1986.0,6,327,165000.0,3,0,1,0,0,0,1,0
117,4.0,10,68,2002.0,0,331,179572.0,2,1,0,0,0,0,1,0
885,4.4,1,24,1986.0,0,312,82500.0,3,0,1,0,0,0,1,0
169,4.2,13,12,1914.0,8,259,119500.0,3,0,1,0,0,0,1,0
713,3.0,7,41,1964.0,5,252,125000.0,1,0,1,0,0,0,1,0
19,3.6,10,18,1989.0,9,372,117379.0,2,1,0,0,0,0,1,0
12,3.6,24,77,1986.0,0,312,144000.0,2,0,1,0,0,0,1,0
1030,3.7,13,12,2002.0,3,16,104134.0,2,1,0,0,0,0,1,0
1131,3.6,24,77,1986.0,0,384,122500.0,2,0,1,0,0,0,1,0
1032,5.0,24,77,1986.0,1,217,125279.0,3,1,0,0,0,0,1,0
48,4.7,24,77,1986.0,0,10,165000.0,3,0,1,0,0,0,1,0
1029,3.8,24,77,1986.0,0,328,85000.0,2,0,1,0,0,0,1,0
1136,4.7,24,77,1986.0,0,66,98065.0,3,1,0,0,0,0,1,0
1107,3.5,24,77,1986.0,0,277,87500.0,2,0,1,0,0,0,1,0
1007,4.0,24,77,1986.0,0,312,96000.0,2,0,1,0,1,0,0,0
937,4.9,0,2,2000.0,3,107,105678.0,3,1,0,0,0,0,1,0
259,3.9,24,77,1986.0,0,150,80000.0,2,0,1,0,0,0,1,0
494,3.6,24,77,1986.0,0,312,125000.0,2,0,1,0,0,0,1,0
1022,3.8,24,77,1986.0,0,51,155000.0,2,0,1,0,0,0,1,0
1002,3.5,7,41,1986.0,0,384,115000.0,2,0,1,0,1,0,0,0
538,3.6,24,77,1986.0,0,384,97500.0,2,0,1,0,0,0,1,0
160,3.6,10,18,1986.0,0,312,127500.0,2,0,1,0,0,0,1,0
694,3.9,10,30,1986.0,7,15,105247.0,2,1,0,0,0,0,1,0
136,3.4,14,51,1914.0,7,229,92869.0,2,1,0,0,0,0,1,0
857,3.4,10,18,1993.0,0,18,118544.0,2,1,0,0,0,0,1,0
13,3.6,24,77,1986.0,0,312,144000.0,2,0,1,0,0,0,1,0
197,3.4,1,35,1937.0,8,184,126174.0,2,1,0,0,0,0,1,0
680,3.6,24,77,1986.0,0,265,95000.0,2,0,1,0,0,0,1,0
125,3.2,5,6,2012.0,0,73,122087.0,2,1,0,0,0,0,1,0
239,4.1,24,77,1986.0,0,317,100800.0,3,0,1,0,1,0,0,0
194,4.7,24,77,1986.0,0,124,104115.0,3,1,0,0,0,0,1,0
365,3.7,5,49,1986.0,7,326,85000.0,2,0,1,0,1,0,0,0
735,3.9,5,49,1857.0,9,384,75180.0,2,0,1,0,1,0,0,0
779,3.3,3,27,1986.0,0,384,172000.0,2,0,1,0,0,0,1,0
1041,4.1,15,61,1877.0,0,394,115373.0,3,1,0,0,0,0,1,0
507,3.9,7,41,1984.0,4,183,80000.0,2,0,1,0,1,0,0,0
730,3.9,14,76,1986.0,8,131,118568.0,2,1,0,0,0,0,1,0
132,4.2,18,8,1885.0,9,318,114888.0,3,1,0,0,0,0,1,0
915,4.9,24,77,1986.0,0,312,96000.0,3,0,1,1,0,0,0,0
1043,3.6,18,8,1902.0,9,324,99807.0,2,1,0,0,0,0,1,0
997,3.1,14,28,1987.0,9,332,190000.0,2,0,1,0,0,0,1,0
1157,3.5,2,19,2020.0,7,258,95676.0,2,1,0,0,0,0,1,0
279,4.1,10,45,2008.0,0,41,115200.0,3,0,1,0,0,0,1,0
310,3.6,7,41,2017.0,0,252,160000.0,2,0,1,0,1,0,0,0
238,3.7,11,47,1792.0,9,170,114211.0,2,1,0,0,0,0,1,0
594,4.1,24,77,1986.0,0,170,130000.0,3,0,1,0,0,0,1,0
29,5.0,10,45,2022.0,3,315,100654.0,3,1,0,0,0,0,1,0
729,3.9,24,77,1986.0,0,317,110000.0,2,0,1,0,0,0,1,0
436,5.0,24,77,1986.0,0,331,140000.0,3,0,1,0,1,0,0,0
195,3.1,7,41,1963.0,9,41,115103.0,2,0,1,0,0,0,1,0
645,4.0,11,46,1871.0,9,252,135403.0,2,0,1,0,0,0,1,0
145,4.4,0,2,1998.0,4,157,110211.0,3,1,0,0,0,0,1,0
70,3.7,10,48,1994.0,9,344,111600.0,2,0,1,0,0,0,1,0
1122,4.2,10,45,2010.0,0,167,91391.0,3,1,0,0,0,0,1,0
1130,2.5,16,15,1986.0,3,384,86000.0,1,0,1,0,0,0,1,0
646,4.1,14,21,1963.0,7,94,95867.0,3,1,0,0,1,0,0,0
446,3.1,10,45,1986.0,0,17,120000.0,2,0,1,0,0,0,1,0
536,3.6,24,77,1986.0,0,312,120000.0,2,0,1,0,0,0,1,0
967,4.9,10,45,2011.0,0,388,106389.0,3,1,0,0,0,0,1,0
130,3.6,13,64,2002.0,5,321,109460.0,2,1,0,0,0,0,1,0
656,4.7,16,37,1986.0,3,174,85745.0,3,1,0,0,0,0,1,0
802,3.9,10,48,2010.0,5,331,171470.0,2,1,0,0,0,0,1,0
980,5.0,10,30,2018.0,0,41,130186.0,3,1,0,0,0,0,1,0
153,4.1,24,77,1986.0,0,73,103389.0,3,1,0,0,0,0,1,0
581,3.0,24,77,1986.0,0,317,95488.0,1,1,0,0,0,0,1,0
464,4.1,24,77,1986.0,0,73,100130.0,3,1,0,0,0,0,1,0
909,3.6,7,41,1907.0,7,344,153868.0,2,0,1,0,0,0,1,0
163,4.3,13,12,2013.0,0,312,112500.0,3,0,1,0,0,0,1,0
695,4.2,10,30,1986.0,2,15,107593.0,3,1,0,0,0,0,1,0
836,3.9,10,18,1986.0,3,394,119142.0,2,1,0,0,0,0,1,0
550,4.4,10,68,1983.0,9,330,168544.0,3,1,0,0,0,0,1,0
580,3.4,14,33,2018.0,9,133,116999.0,2,1,0,0,0,0,1,0
661,3.8,10,18,1987.0,9,312,141960.0,2,0,1,0,0,0,1,0
345,4.0,0,2,1969.0,5,113,137143.0,2,1,0,0,0,0,1,0
860,4.5,10,48,2008.0,0,149,200000.0,3,0,1,0,0,0,1,0
697,3.9,10,30,2003.0,6,383,148077.0,2,1,0,0,0,0,1,0
572,4.2,18,8,1887.0,9,307,95000.0,3,0,1,0,0,0,1,0
129,3.7,24,77,1986.0,0,78,78862.0,2,1,0,0,0,0,1,0
1042,3.7,24,77,1986.0,0,124,100304.0,2,1,0,0,0,0,1,0
627,4.0,10,30,2007.0,3,78,91494.0,2,1,0,0,0,0,1,0
1059,3.8,7,41,2017.0,0,331,158517.0,2,1,0,0,0,0,1,0
949,3.5,24,77,1986.0,0,18,95000.0,2,0,1,0,0,0,1,0
259,4.7,24,77,1986.0,0,150,80000.0,3,0,1,0,0,0,1,0
9,3.8,10,45,1990.0,4,137,75000.0,2,0,1,0,0,0,1,0
1086,4.0,8,44,1987.0,7,273,109838.0,2,1,0,0,0,0,1,0
755,4.2,14,21,1986.0,0,237,98463.0,3,1,0,0,0,0,1,0
169,4.2,13,12,1914.0,8,347,119500.0,3,0,1,0,0,0,1,0
391,3.6,5,6,1913.0,5,77,99970.0,2,1,0,0,0,0,1,0
216,3.9,10,18,2013.0,0,331,129992.0,2,1,0,0,0,0,1,0
1062,3.8,6,56,1775.0,0,157,104974.0,2,0,1,0,0,0,1,0
316,4.2,23,3,1928.0,9,15,88102.0,3,1,0,0,0,0,1,0
1096,4.2,3,16,1853.0,7,118,103500.0,3,0,1,0,0,0,1,0
411,3.1,24,77,1986.0,0,289,96000.0,2,0,1,0,0,0,1,0
989,4.7,24,77,1986.0,0,19,113066.0,3,1,0,0,0,0,1,0
284,3.7,14,28,1851.0,9,373,121754.0,2,1,0,0,0,0,1,0
194,3.7,24,77,1986.0,0,124,91732.0,2,1,0,0,0,0,1,0
845,4.4,0,2,2013.0,3,371,110170.0,3,1,0,0,0,0,1,0
239,4.0,24,77,1986.0,0,312,98880.0,2,0,1,0,1,0,0,0
1130,2.5,16,15,1986.0,3,384,86000.0,1,0,1,0,0,0,1,0
534,3.4,20,65,2018.0,0,15,127480.0,2,1,0,0,0,0,1,0
324,3.9,10,45,2012.0,5,312,245760.0,2,0,1,1,0,0,0,0
871,3.3,24,77,1986.0,0,312,112500.0,2,0,1,0,0,0,1,0
637,4.9,15,1,1986.0,3,315,96614.0,3,1,0,0,0,0,1,0
320,4.9,10,45,2005.0,2,217,165000.0,3,0,1,0,0,0,1,0
495,4.4,24,77,1986.0,0,379,65000.0,3,0,1,0,1,0,0,0
358,4.0,15,80,1982.0,8,310,120850.0,2,0,1,0,1,0,0,0
415,4.7,24,77,1986.0,0,315,107145.0,3,1,0,0,0,0,1,0
944,4.1,23,3,1967.0,9,94,158950.0,3,0,1,1,0,0,0,0
142,4.2,24,77,1986.0,0,211,62000.0,3,0,1,0,1,0,0,0
404,3.3,24,77,1986.0,1,217,106552.0,2,1,0,0,0,0,1,0
1029,3.6,24,77,1986.0,0,328,85000.0,2,0,1,0,0,0,1,0
744,3.3,24,77,1986.0,0,384,120000.0,2,0,1,0,0,0,1,0
720,3.8,11,47,2016.0,0,274,149887.0,2,1,0,0,0,0,1,0
257,4.1,24,77,1986.0,0,94,111628.8,3,0,1,1,0,0,0,0
398,3.2,15,1,1986.0,1,332,96000.0,2,0,1,0,1,0,0,0
536,2.9,24,77,1986.0,0,312,120000.0,1,0,1,0,0,0,1,0
764,3.2,11,46,2012.0,7,252,151700.0,2,0,1,0,0,0,1,0
148,3.3,5,49,1995.0,5,99,112112.0,2,0,1,0,1,0,0,0
676,3.7,24,77,1986.0,0,73,97718.0,2,1,0,0,1,0,0,0
196,3.4,15,1,1986.0,0,284,121858.0,2,1,0,0,0,0,1,0
577,5.0,10,30,1986.0,0,71,110000.0,3,0,1,0,0,0,1,0
486,4.1,24,77,1986.0,0,384,107500.0,3,0,1,0,0,0,1,0
817,4.2,10,45,2008.0,3,27,81600.0,3,0,1,1,0,0,0,0
754,5.0,10,45,1986.0,0,371,109592.0,3,1,0,0,0,0,1,0
583,3.8,2,19,1884.0,9,270,90423.0,2,1,0,0,0,0,1,0
697,3.9,10,30,2003.0,6,383,148118.0,2,1,0,0,0,0,1,0
1194,3.9,24,77,1986.0,0,170,105600.0,2,0,1,0,0,1,0,0
303,3.8,23,67,1969.0,9,43,86896.0,2,1,0,0,1,0,0,0
98,4.1,14,28,1967.0,9,339,142500.0,3,0,1,0,0,0,1,0
1010,4.3,24,77,1986.0,0,312,158400.0,3,0,1,0,0,0,1,0
407,4.4,10,48,2013.0,0,285,122429.0,3,1,0,1,0,0,0,0
974,4.9,10,45,2015.0,2,94,91180.8,3,0,1,0,0,0,1,0
916,3.7,21,23,1952.0,8,287,66310.0,2,1,0,0,1,0,0,0
839,4.4,24,77,1986.0,1,287,113088.0,3,1,0,1,0,0,0,0
1202,5.0,10,45,2013.0,3,360,97858.0,3,1,0,0,0,0,1,0
522,3.7,24,77,1986.0,0,170,105600.0,2,0,1,0,0,0,1,0
1201,2.3,24,77,1986.0,2,201,93445.0,1,1,0,1,0,0,0,0
332,3.3,24,77,1986.0,0,8,75000.0,2,0,1,0,0,0,1,0
737,2.9,24,77,1986.0,0,256,120000.0,1,0,1,0,0,0,1,0
455,4.1,11,47,1914.0,5,209,112100.0,3,0,1,0,0,0,1,0
982,3.8,18,8,1986.0,0,312,140600.0,2,0,1,0,0,0,1,0
464,3.7,24,77,1986.0,0,73,100130.0,2,1,0,0,0,0,1,0
66,3.7,10,48,1994.0,9,344,81000.0,2,0,1,0,0,1,0,0
1193,3.2,15,10,1972.0,8,252,117000.0,2,0,1,0,0,0,1,0
390,3.9,6,56,1908.0,0,75,93234.0,2,1,0,0,0,0,1,0
1135,3.1,7,41,2001.0,7,345,92074.0,2,1,0,0,0,0,1,0
263,3.4,14,28,1947.0,5,298,97442.0,2,1,0,0,0,0,1,0
623,3.5,21,42,1921.0,9,68,110650.0,2,0,1,0,1,0,0,0
237,3.5,7,41,1970.0,6,253,124584.0,2,1,0,0,0,0,1,0
504,4.2,10,45,1998.0,3,139,124800.0,3,0,1,0,0,0,1,0
248,3.3,6,55,1820.0,0,170,63500.0,2,0,1,0,0,0,1,0
900,3.7,4,29,1934.0,7,234,98749.0,2,1,0,0,0,0,1,0
508,3.8,24,77,1986.0,0,312,144000.0,2,0,1,0,0,0,1,0
368,5.0,24,77,1986.0,0,259,110340.0,3,1,0,0,0,0,1,0
893,3.7,13,12,1986.0,0,140,98796.0,2,1,0,0,0,0,1,0
297,1.0,24,77,1986.0,0,217,122757.0,0,1,0,0,0,1,0,0
189,4.0,2,4,1986.0,3,224,99919.0,2,1,0,0,0,0,1,0
677,4.1,14,51,1889.0,9,139,106750.0,3,1,0,0,0,0,1,0
447,5.0,24,77,1986.0,0,66,105321.0,3,1,0,0,0,0,1,0
1101,4.1,3,16,1890.0,6,260,65000.0,3,0,1,0,0,0,1,0
1194,4.1,24,77,1986.0,0,170,105600.0,3,0,1,0,0,1,0,0
865,3.0,21,81,1990.0,8,406,77500.0,1,0,1,0,0,0,1,0
329,3.8,15,31,1923.0,9,179,125122.0,2,1,0,0,0,0,1,0
457,3.6,5,6,1960.0,0,330,131860.0,2,0,1,0,0,0,1,0
1081,3.9,3,27,2010.0,0,331,171000.0,2,0,1,0,0,0,1,0
761,4.1,10,45,2006.0,3,27,144000.0,3,0,1,0,0,0,1,0
389,3.9,23,73,2000.0,2,142,97985.0,2,1,0,0,0,0,1,0
673,3.6,10,30,2015.0,0,73,101671.0,2,1,0,0,0,0,1,0
1088,3.6,7,41,1863.0,0,346,83824.0,2,1,0,0,0,0,1,0
402,4.9,24,77,1986.0,0,312,225000.0,3,0,1,0,0,0,1,0
371,3.6,24,77,1986.0,0,384,384000.0,2,0,1,0,0,0,1,0
1120,4.3,10,45,1986.0,2,371,99636.0,3,1,0,0,0,0,1,0
447,5.0,24,77,1986.0,0,13,122295.0,3,1,0,0,0,0,1,0
659,4.7,13,12,2008.0,0,13,95000.0,3,0,1,0,0,0,1,0
679,4.3,10,18,1975.0,9,384,138450.0,3,0,1,0,0,0,1,0
525,3.9,10,45,2003.0,3,360,119374.0,2,1,0,0,0,0,1,0
655,3.7,9,39,2008.0,0,312,124800.0,2,0,1,1,0,0,0,0
160,3.8,10,18,1986.0,0,312,127500.0,2,0,1,0,0,0,1,0
330,4.0,24,77,1986.0,0,312,130000.0,2,0,1,0,0,0,1,0
986,3.9,22,13,1986.0,0,360,162500.0,2,0,1,0,0,0,1,0
482,3.3,14,21,2013.0,0,73,92500.0,2,0,1,0,1,0,0,0
379,3.4,5,6,1986.0,3,315,113048.0,2,1,0,0,0,0,1,0
60,4.1,10,45,2001.0,4,217,119947.0,3,1,0,0,0,0,1,0
785,4.1,5,32,2020.0,0,331,197500.0,3,0,1,0,0,0,1,0
526,4.0,10,45,1982.0,0,309,71040.0,2,0,1,0,0,0,1,0
108,4.2,10,30,2008.0,0,331,259000.0,3,0,1,0,0,0,1,0
636,3.8,14,76,1957.0,9,203,122101.0,2,1,0,0,0,0,1,0
739,4.8,24,77,1986.0,0,339,98926.0,3,1,0,0,0,1,0,0
729,3.0,24,77,1986.0,0,317,110000.0,1,0,1,0,0,0,1,0
36,3.5,0,2,1973.0,3,122,102500.0,2,0,1,0,0,1,0,0
382,3.4,5,32,2000.0,7,15,123883.0,2,1,0,0,0,0,1,0
806,4.4,22,13,1986.0,4,371,118207.0,3,1,0,0,0,0,1,0
761,4.1,10,45,2006.0,3,368,158400.0,3,0,1,1,0,0,0,0
531,4.2,24,77,1986.0,0,13,120000.0,3,0,1,0,0,0,1,0
1061,3.8,6,56,1775.0,0,392,122070.0,2,0,1,0,0,0,1,0
721,3.8,24,77,1986.0,0,385,50000.0,2,0,1,0,0,0,1,0
153,3.6,24,77,1986.0,0,73,103389.0,2,1,0,0,0,0,1,0
297,1.0,24,77,1986.0,0,124,122103.0,0,1,0,0,0,0,1,0
195,3.1,7,41,1963.0,9,396,129008.0,2,0,1,0,0,0,1,0
1132,3.0,7,41,2014.0,4,312,189043.0,1,0,1,0,0,0,1,0
869,3.1,13,12,2016.0,0,13,101287.0,2,1,0,0,0,0,1,0
253,3.7,7,41,1921.0,7,77,73728.0,2,0,1,0,0,0,1,0
246,3.6,5,6,1828.0,8,41,127373.0,2,1,0,0,0,0,1,0
649,3.6,7,41,1994.0,9,355,117175.0,2,1,0,0,0,0,1,0
788,3.9,21,81,1987.0,7,127,126927.0,2,1,0,0,0,0,1,0
790,3.9,10,48,1998.0,9,18,131640.0,2,1,0,0,0,0,1,0
156,3.9,18,8,1978.0,3,56,136006.0,2,1,0,0,0,0,1,0
517,2.9,14,40,2016.0,0,312,130950.0,1,0,1,0,1,0,0,0
151,5.0,24,77,1986.0,0,171,172500.0,3,0,1,0,0,0,1,0
346,3.6,24,77,1991.0,3,312,65000.0,2,0,1,0,0,0,1,0
495,4.0,24,77,1986.0,0,379,65000.0,2,0,1,0,1,0,0,0
804,4.4,10,30,1998.0,9,331,205000.0,3,0,1,0,0,0,1,0
303,3.8,23,67,1969.0,9,402,89273.0,2,1,0,0,1,0,0,0
223,3.1,24,77,2017.0,3,252,138000.0,2,0,1,0,1,0,0,0
309,4.9,10,45,2003.0,0,150,121278.0,3,1,0,0,0,0,1,0
696,5.0,24,77,1986.0,0,394,153600.0,3,0,1,0,0,0,1,0
2,2.4,9,39,1986.0,2,173,84271.0,1,1,0,0,0,0,1,0
400,3.2,14,21,2014.0,0,134,104500.0,2,0,1,0,0,0,1,0
486,4.0,24,77,1986.0,0,384,107500.0,2,0,1,0,0,0,1,0
704,4.1,5,6,1999.0,0,330,110400.0,3,0,1,0,0,0,1,0
323,3.4,10,18,1998.0,7,18,95019.0,2,1,0,0,1,0,0,0
357,4.4,13,12,1995.0,3,13,156161.0,3,1,0,0,0,0,1,0
932,3.6,14,28,1962.0,7,255,70560.0,2,0,1,0,0,0,1,0
544,4.6,10,45,2015.0,0,353,114847.0,3,1,0,0,0,0,1,0
270,3.8,10,45,1986.0,0,360,105339.0,2,1,0,0,0,0,1,0
589,3.8,10,48,2013.0,0,128,130233.0,2,1,0,0,0,0,1,0
741,3.3,10,18,1998.0,5,312,105000.0,2,0,1,0,0,0,1,0
848,3.0,10,30,2014.0,2,394,85689.0,1,1,0,0,0,0,1,0
469,3.0,4,29,1999.0,7,61,84339.0,1,1,0,0,1,0,0,0
491,4.6,10,45,1986.0,0,303,108123.0,3,1,0,0,0,0,1,0
1065,4.2,3,16,1919.0,6,199,117251.0,3,0,1,0,0,0,0,1
968,3.8,10,30,1987.0,7,141,121440.0,2,0,1,0,0,0,1,0
888,4.2,10,18,1982.0,5,230,107953.0,3,1,0,1,0,0,0,0
67,3.7,10,48,1994.0,9,344,136000.0,2,0,1,0,0,0,1,0
55,3.4,11,46,1931.0,9,73,46080.0,2,0,1,0,0,0,1,0
168,4.2,13,12,1914.0,8,33,174100.0,3,0,1,1,0,0,0,0
103,4.1,24,77,1986.0,0,394,62002.0,3,1,0,0,0,0,0,1
782,4.1,4,29,1965.0,7,316,106306.0,3,1,0,0,0,0,1,0
638,4.3,0,2,1968.0,7,124,120908.0,3,1,0,0,0,0,1,0
933,4.0,13,12,2001.0,7,18,122958.0,2,1,0,0,0,1,0,0
1186,3.6,24,77,1986.0,0,273,92043.0,2,0,1,1,0,0,0,0
1097,4.0,3,16,1865.0,7,190,68221.0,2,0,1,0,0,0,1,0
657,3.3,0,2,1986.0,2,150,144000.0,2,0,1,0,0,0,1,0
166,3.5,14,33,1986.0,7,361,96181.0,2,1,0,0,1,0,0,0
664,3.4,18,8,1992.0,7,74,156384.0,2,1,0,0,0,0,1,0
97,4.2,10,18,1976.0,9,93,197700.0,3,0,1,0,0,0,1,0
559,4.0,5,6,1799.0,9,252,161625.0,2,0,1,1,0,0,0,0
1145,3.4,21,36,1962.0,9,30,105463.0,2,1,0,0,0,0,1,0
666,4.1,18,8,1891.0,9,305,130100.0,3,0,1,0,0,0,1,0
606,3.8,0,2,1969.0,9,33,171550.0,2,0,1,0,0,0,1,0
392,4.3,5,49,1946.0,9,103,129926.0,3,1,0,0,0,0,1,0
258,3.8,10,45,1994.0,9,339,165000.0,2,0,1,0,0,0,1,0
47,3.6,0,2,2003.0,7,150,101701.0,2,1,0,0,0,0,1,0
315,4.0,13,12,1850.0,9,322,110900.0,2,1,0,0,0,0,1,0
71,3.7,10,48,1994.0,9,29,127300.0,2,0,1,0,0,0,1,0
485,4.0,10,18,1885.0,9,175,101965.0,2,1,0,0,0,0,1,0
675,3.9,10,48,2004.0,9,252,169000.0,2,0,1,0,0,1,0,0
38,3.6,10,48,2014.0,8,331,128380.0,2,1,0,0,0,0,1,0
895,3.6,10,45,1986.0,0,356,105000.0,2,0,1,0,0,0,1,0
535,4.1,10,30,2015.0,0,252,202500.0,3,0,1,0,0,0,1,0
791,3.5,10,30,1998.0,7,268,107099.0,2,1,0,0,0,0,1,0
208,3.0,2,79,1984.0,0,136,152500.0,1,0,1,0,0,1,0,0
131,3.6,18,8,1931.0,9,98,95000.0,2,0,1,0,1,0,0,0
702,4.4,6,56,1958.0,9,137,121436.0,3,1,0,0,0,0,1,0
862,3.9,24,77,1986.0,0,287,95000.0,2,0,1,0,1,0,0,0
488,4.3,7,41,1919.0,0,157,91029.0,3,1,0,0,0,0,1,0
1063,4.1,6,56,1870.0,0,394,160306.0,3,0,1,0,0,0,0,1
561,3.9,12,50,1958.0,5,206,93472.0,2,1,0,0,0,0,0,1
71,3.7,10,48,1994.0,9,344,111600.0,2,0,1,0,0,0,1,0
71,3.7,10,48,1994.0,9,344,115000.0,2,0,1,1,0,0,0,0
559,4.0,5,6,1799.0,9,289,98495.0,2,1,0,0,0,0,1,0
552,3.5,13,12,1975.0,7,73,110000.0,2,0,1,0,1,0,0,0
267,4.8,10,45,1986.0,3,162,86551.0,3,1,0,0,1,0,0,0
999,4.1,18,8,1781.0,9,191,121257.0,3,1,0,0,0,0,0,1
1199,4.0,10,30,2017.0,0,315,180000.0,2,0,1,0,0,0,1,0
883,4.3,10,30,1972.0,9,274,188548.0,3,1,0,1,0,0,0,0
679,4.3,10,18,1975.0,9,252,138450.0,3,0,1,0,0,0,1,0
856,3.6,10,18,1993.0,0,18,124821.0,2,1,0,0,0,0,1,0
71,3.7,10,48,1994.0,9,252,111600.0,2,0,1,0,0,0,1,0
10,3.8,2,4,1990.0,9,18,124000.0,2,0,1,1,0,0,0,0
306,3.5,14,51,1937.0,7,214,121188.0,2,1,0,0,0,0,1,0
849,3.5,7,41,2003.0,0,312,73594.0,2,0,1,0,0,0,1,0
439,3.9,9,39,1986.0,0,312,110400.0,2,0,1,0,0,0,1,0
934,3.7,10,18,2011.0,0,199,312500.0,2,0,1,0,0,0,1,0
437,4.2,18,8,2008.0,0,312,130000.0,3,0,1,1,0,0,0,0
638,4.3,0,2,1968.0,7,66,123249.0,3,1,0,0,0,0,1,0
534,3.4,20,65,2018.0,0,15,102819.0,2,1,0,0,0,0,1,0
1037,4.1,11,47,1853.0,9,143,205950.0,3,0,1,0,0,1,0,0
658,3.8,7,41,1986.0,9,320,200866.0,2,0,1,1,0,0,0,0
750,3.8,16,15,1986.0,0,245,90500.0,2,0,1,0,1,0,0,0
283,3.4,7,41,1986.0,0,135,99538.0,2,1,0,1,0,0,0,0
244,3.8,5,49,1812.0,9,248,141477.0,2,0,1,0,0,0,1,0
1069,4.2,23,73,2003.0,2,328,103494.0,3,0,1,0,0,0,0,1
705,3.3,11,47,1920.0,7,409,83757.0,2,1,0,0,0,0,1,0
315,4.0,13,12,1850.0,9,322,96095.0,2,1,0,0,0,0,1,0
71,3.7,10,48,1994.0,9,330,105100.0,2,0,1,0,0,0,1,0
545,4.6,10,45,2015.0,0,150,108309.0,3,1,0,0,0,0,1,0
568,4.1,24,77,1986.0,0,387,110000.0,3,0,1,1,0,0,0,0
702,4.4,6,56,1958.0,9,277,107976.0,3,1,0,1,0,0,0,0
638,4.3,0,2,1968.0,7,99,93700.0,3,0,1,0,0,0,1,0
97,4.2,10,18,1976.0,9,93,213600.0,3,0,1,0,0,0,1,0
826,3.8,11,47,1937.0,9,384,86450.0,2,0,1,0,0,0,1,0
1145,3.4,21,36,1962.0,9,30,117500.0,2,0,1,0,1,0,0,0
930,3.3,1,69,1998.0,5,18,110000.0,2,0,1,1,0,0,0,0
97,4.2,10,18,1976.0,9,344,223300.0,3,0,1,0,0,0,1,0
654,4.7,10,18,2016.0,0,274,140000.0,3,0,1,0,0,0,1,0
759,3.6,7,41,1986.0,9,115,207750.0,2,0,1,0,0,0,1,0
67,3.7,10,48,1994.0,9,252,122900.0,2,0,1,0,0,0,1,0
67,3.7,10,48,1994.0,9,252,136000.0,2,0,1,0,0,0,1,0
58,3.6,9,70,1986.0,0,252,150000.0,2,0,1,0,0,0,1,0
70,3.7,10,48,1994.0,9,252,136000.0,2,0,1,0,0,0,1,0
97,4.2,10,18,1976.0,9,344,288400.0,3,0,1,0,0,0,1,0
67,3.7,10,48,1994.0,9,344,115000.0,2,0,1,0,0,0,1,0
775,3.9,5,0,1998.0,8,41,130047.0,2,1,0,0,0,0,1,0
675,3.9,10,48,2004.0,9,368,205000.0,2,0,1,0,0,0,1,0
69,3.8,10,48,2006.0,9,94,131822.0,2,1,0,0,0,0,1,0
244,3.8,5,49,1812.0,9,371,142300.0,2,0,1,0,0,0,1,0
658,3.8,7,41,1986.0,9,320,173555.0,2,0,1,0,0,0,1,0
998,3.8,16,15,1986.0,0,384,90000.0,2,0,1,0,0,0,1,0
638,4.3,0,2,1968.0,7,394,111818.0,3,1,0,0,1,0,0,0
182,3.9,21,81,1998.0,0,384,129700.0,2,0,1,0,1,0,0,0
867,4.1,24,77,1986.0,0,31,139200.0,3,0,1,0,0,0,1,0
873,4.2,6,56,1967.0,4,112,152500.0,3,0,1,0,0,0,1,0
315,4.0,13,12,1850.0,9,322,130564.0,2,1,0,0,0,0,1,0
591,3.5,0,2,1995.0,6,159,68748.0,2,1,0,0,0,0,1,0
69,3.8,10,48,2006.0,9,344,136000.0,2,0,1,0,0,0,1,0
69,3.8,10,48,2006.0,9,99,115000.0,2,0,1,0,0,0,1,0
981,4.8,10,68,2017.0,0,331,164000.0,3,0,1,1,0,0,0,0
679,4.3,10,18,1975.0,9,384,195200.0,3,0,1,0,0,0,1,0
1046,3.3,21,57,1837.0,7,252,156313.0,2,0,1,0,0,0,1,0
208,3.0,2,79,1984.0,0,136,135000.0,1,0,1,0,0,1,0,0
638,4.3,0,2,1968.0,7,150,106668.0,3,1,0,0,0,1,0,0
698,4.6,10,18,1993.0,8,339,254750.0,3,0,1,0,0,1,0,0
571,4.0,3,16,1876.0,7,19,75900.0,2,0,1,0,0,0,1,0
268,4.2,24,77,1986.0,0,13,103075.0,3,1,0,0,0,0,1,0
1075,4.3,18,8,1887.0,0,384,160306.0,3,0,1,0,0,0,1,0
195,3.1,7,41,1963.0,9,252,156303.0,2,0,1,0,0,0,1,0
791,3.5,10,30,1998.0,7,268,106868.0,2,1,0,0,0,0,1,0
701,3.7,24,77,1986.0,0,353,107585.0,2,1,0,0,0,0,1,0
571,4.0,3,16,1876.0,7,19,75900.0,2,0,1,0,0,0,1,0
675,3.9,10,48,2004.0,9,246,84001.0,2,0,1,0,0,0,1,0
97,4.2,10,18,1976.0,9,93,250000.0,3,0,1,0,0,0,1,0
616,4.9,24,77,1986.0,0,312,147500.0,3,0,1,1,0,0,0,0
637,4.7,15,1,1986.0,3,315,96614.0,3,1,0,0,0,0,1,0
1166,4.1,10,18,1990.0,9,324,99700.0,3,1,0,0,0,0,1,0
665,3.8,7,41,1906.0,0,157,82554.0,2,1,0,0,0,0,1,0
348,3.7,13,12,1999.0,6,143,117500.0,2,0,1,0,0,0,1,0
1146,3.6,15,31,2003.0,9,92,171000.0,2,0,1,0,0,0,1,0
20,3.5,22,74,1876.0,9,8,159100.0,2,0,1,0,0,0,1,0
740,3.5,17,22,2002.0,0,18,97910.0,2,1,0,0,0,0,1,0
1043,3.6,18,8,1902.0,9,324,101182.0,2,1,0,0,0,0,1,0
79,4.2,18,8,1980.0,9,394,176501.0,3,0,1,0,0,0,1,0
433,4.3,3,16,1885.0,7,15,69462.0,3,1,0,1,0,0,0,0
4,3.9,18,8,2013.0,9,165,166907.0,2,1,0,0,0,0,0,1
314,4.1,10,45,1984.0,9,18,139372.0,3,1,0,1,0,0,0,0
938,4.7,24,77,1986.0,0,330,120750.0,3,0,1,0,0,0,1,0
351,3.4,13,12,2000.0,5,18,110000.0,2,0,1,0,0,0,1,0
1167,4.2,24,77,1986.0,0,312,85000.0,3,0,1,1,0,0,0,0
138,3.9,13,12,1901.0,6,384,106930.0,2,0,1,1,0,0,0,0
168,4.2,13,12,1914.0,8,259,69150.0,3,0,1,0,0,1,0,0
638,4.3,0,2,1968.0,7,14,227250.0,3,0,1,0,0,0,1,0
305,4.0,18,8,1899.0,8,20,153939.0,2,1,0,0,0,0,0,1
345,4.0,0,2,1969.0,5,113,93990.0,2,1,0,0,0,0,1,0
433,4.3,3,16,1885.0,7,15,58747.0,3,1,0,1,0,0,0,0
170,3.7,14,21,1964.0,7,130,120721.0,2,1,0,1,0,0,0,0
478,4.1,5,32,2001.0,5,384,91500.0,3,0,1,0,1,0,0,0
1110,3.5,4,29,1986.0,0,384,130000.0,2,0,1,0,0,0,1,0
1074,3.6,1,24,1986.0,0,394,149589.0,2,0,1,0,0,0,1,0
544,4.6,10,45,2015.0,0,315,116441.0,3,1,0,0,0,0,1,0
658,3.8,7,41,1986.0,9,285,113308.0,2,1,0,1,0,0,0,0
168,4.2,13,12,1914.0,8,108,85550.0,3,0,1,1,0,0,0,0
67,3.7,10,48,1994.0,9,99,103400.0,2,0,1,1,0,0,0,0
118,4.0,4,29,1906.0,7,94,98626.0,2,1,0,0,1,0,0,0
1079,3.9,7,41,1943.0,7,94,119930.0,2,1,0,1,0,0,0,0
67,3.7,10,48,1994.0,9,331,136000.0,2,0,1,0,0,0,1,0
69,3.8,10,48,2006.0,9,344,149600.0,2,0,1,1,0,0,0,0
1138,3.3,14,51,1958.0,7,117,81414.0,2,1,0,0,0,0,1,0
70,3.7,10,48,1994.0,9,344,136000.0,2,0,1,0,0,0,1,0
186,3.8,10,48,2012.0,0,344,188100.0,2,0,1,1,0,0,0,0
272,3.7,10,18,2014.0,0,384,169570.0,2,0,1,1,0,0,0,0
675,3.9,10,48,2004.0,9,221,204500.0,2,0,1,1,0,0,0,0
611,3.6,17,7,1992.0,7,268,46149.0,2,1,0,0,0,0,0,1
990,4.1,24,77,1986.0,0,73,130000.0,3,0,1,0,0,0,1,0
1104,4.3,3,16,1819.0,7,69,110000.0,3,0,1,0,0,0,1,0
104,3.4,0,2,2012.0,2,159,103618.0,2,1,0,1,0,0,0,0
586,4.0,10,48,2012.0,0,41,147663.0,2,1,0,0,0,0,1,0
97,4.2,10,18,1976.0,9,93,134304.0,3,0,1,1,0,0,0,0
34,4.1,10,18,1969.0,9,18,158338.0,3,1,0,0,0,0,1,0
559,4.0,5,6,1799.0,9,73,67321.0,2,1,0,0,0,0,1,0
97,4.2,10,18,1976.0,9,344,187400.0,3,0,1,0,0,0,1,0
969,4.2,24,77,1986.0,0,153,100000.0,3,0,1,0,0,0,1,0
84,3.5,10,48,1995.0,7,344,173888.0,2,1,0,0,0,0,1,0
559,4.0,5,6,1799.0,9,82,176250.0,2,0,1,0,0,0,1,0
254,3.5,5,32,2018.0,0,401,160000.0,2,0,1,1,0,0,0,0
1144,3.9,13,12,1828.0,9,123,159724.0,2,1,0,0,0,0,1,0
911,3.4,7,41,2008.0,3,21,84654.0,2,1,0,0,0,0,1,0
1047,3.4,10,48,2016.0,0,344,187625.0,2,0,1,1,0,0,0,0
1052,4.7,24,77,1986.0,0,315,175000.0,3,0,1,0,0,0,1,0
279,4.1,10,45,2008.0,0,312,115200.0,3,0,1,0,0,0,1,0
213,4.4,3,16,1900.0,7,287,86875.0,3,1,0,1,0,0,0,0
644,4.3,14,33,1911.0,9,254,152766.0,3,1,0,0,0,0,1,0
702,4.4,6,56,1958.0,9,137,133622.0,3,1,0,0,0,0,1,0
293,3.4,10,18,2018.0,0,99,98913.0,2,1,0,0,0,0,1,0
168,4.2,13,12,1914.0,8,33,152650.0,3,0,1,0,1,0,0,0
251,3.4,5,0,1892.0,4,384,100000.0,2,0,1,0,1,0,0,0
23,4.7,10,30,2019.0,0,331,200000.0,3,0,1,0,0,0,1,0
891,3.3,10,45,1986.0,8,391,108659.0,2,1,0,0,0,0,1,0
423,3.5,14,51,1911.0,7,99,136139.0,2,1,0,0,0,0,1,0
559,4.0,5,6,1799.0,9,252,203625.0,2,0,1,0,0,0,1,0
958,4.0,24,77,1986.0,0,190,132500.0,2,0,1,0,0,0,1,0
42,4.0,18,8,2008.0,3,56,127423.0,2,1,0,0,0,0,0,1
414,4.1,18,8,1830.0,9,284,141800.0,3,1,0,0,0,0,1,0
608,3.9,10,18,1984.0,9,241,130979.0,2,1,0,1,0,0,0,0
164,4.8,6,56,2016.0,0,394,102224.0,3,1,0,0,1,0,0,0
1073,4.3,24,77,1986.0,0,13,160306.0,3,0,1,0,0,0,1,0
559,4.0,5,6,1799.0,9,407,154125.0,2,0,1,0,0,1,0,0
351,3.4,13,12,2000.0,5,18,130000.0,2,0,1,0,0,0,1,0
877,3.7,10,45,2002.0,6,332,133000.0,2,0,1,0,0,0,1,0
56,3.8,5,6,1919.0,8,68,84011.0,2,1,0,0,1,0,0,0
381,3.7,5,32,1968.0,8,74,93009.0,2,1,0,0,1,0,0,0
426,3.4,0,2,1982.0,7,364,100575.0,2,1,0,1,0,0,0,0
542,4.4,13,12,2009.0,0,7,87490.0,3,1,0,0,0,0,0,1
254,3.5,5,32,2018.0,0,401,150000.0,2,0,1,0,0,0,1,0
679,4.3,10,18,1975.0,9,308,195200.0,3,0,1,0,0,0,1,0
638,4.3,0,2,1968.0,7,394,116804.0,3,1,0,0,0,0,1,0
345,4.0,0,2,1969.0,5,113,121486.0,2,1,0,0,0,0,1,0
675,3.9,10,48,2004.0,9,221,226500.0,2,0,1,0,0,0,1,0
345,4.0,0,2,1969.0,5,113,97160.0,2,1,0,0,0,0,1,0
914,4.4,10,30,2004.0,7,330,147650.0,3,0,1,0,0,0,1,0
790,3.9,10,48,1998.0,9,252,144550.0,2,0,1,1,0,0,0,0
258,3.8,10,45,1994.0,9,392,80399.0,2,1,0,0,0,0,1,0
434,3.9,4,29,1996.0,5,380,89738.0,2,1,0,0,0,0,1,0
533,2.8,10,68,1998.0,6,312,153206.0,1,0,1,1,0,0,0,0
962,3.3,11,47,1919.0,7,15,83232.0,2,1,0,1,0,0,0,0
638,4.3,0,2,1968.0,7,99,144250.0,3,0,1,0,0,0,1,0
1177,3.8,15,1,2007.0,5,252,90000.0,2,0,1,0,0,0,1,0
498,3.7,13,12,1969.0,7,315,94314.0,2,0,1,0,1,0,0,0
339,4.2,3,16,1838.0,7,103,78431.0,3,1,0,0,0,1,0,0
1125,3.5,10,68,2016.0,0,335,160000.0,2,0,1,0,0,0,1,0
559,4.0,5,6,1799.0,9,170,127000.0,2,0,1,0,0,1,0,0
71,3.7,10,48,1994.0,9,29,136000.0,2,0,1,0,0,0,1,0
925,3.8,24,77,1986.0,0,410,60000.0,2,0,1,0,0,0,1,0
931,4.7,24,77,1986.0,0,331,85000.0,3,0,1,1,0,0,0,0
71,3.7,10,48,1994.0,9,29,134500.0,2,0,1,0,0,1,0,0
689,3.5,7,41,2013.0,7,252,98605.0,2,0,1,0,0,0,1,0
73,3.5,0,2,1986.0,0,394,136500.0,2,1,0,0,0,0,1,0
638,4.3,0,2,1968.0,7,99,202800.0,3,0,1,0,0,0,1,0
1164,4.2,10,30,2005.0,7,290,188400.0,3,0,1,0,0,0,1,0
377,4.0,24,77,1986.0,0,273,65000.0,2,0,1,0,1,0,0,0
638,4.3,0,2,1968.0,7,354,106200.0,3,0,1,0,0,0,1,0
1109,4.2,24,77,1986.0,0,166,51863.0,3,0,1,0,0,0,1,0
78,4.2,5,32,1850.0,9,252,127500.0,3,0,1,0,0,0,1,0
753,2.7,10,30,2016.0,0,15,159956.0,1,0,1,0,0,1,0,0
450,4.1,21,81,1927.0,9,180,103212.0,3,1,0,0,0,0,1,0
461,3.3,7,41,1968.0,9,245,118686.0,2,1,0,0,0,0,1,0
540,3.5,24,77,1986.0,0,66,127370.0,2,1,0,0,0,0,1,0
675,3.9,10,48,2004.0,9,29,157500.0,2,0,1,0,0,0,1,0
679,4.3,10,18,1975.0,9,308,138450.0,3,0,1,0,0,0,1,0
1047,3.4,10,48,2016.0,0,332,197500.0,2,0,1,0,0,0,1,0
1026,3.6,7,41,1865.0,9,37,105430.0,2,1,0,0,0,0,1,0
363,4.0,18,9,1986.0,0,330,115000.0,2,0,1,0,0,0,1,0
842,4.0,10,18,1985.0,9,330,185500.0,2,0,1,1,0,0,0,0
955,3.5,3,16,1905.0,5,325,51037.0,2,1,0,0,1,0,0,0
733,3.8,5,6,1889.0,8,73,124648.0,2,1,0,0,0,0,1,0
935,4.0,10,30,2012.0,7,335,289050.0,2,0,1,0,0,0,1,0
559,4.0,5,6,1799.0,9,82,203625.0,2,0,1,0,0,0,1,0
52,3.6,13,64,2003.0,5,344,145818.0,2,1,0,0,0,0,1,0
372,3.9,18,58,2018.0,0,330,177500.0,2,0,1,0,0,0,0,1
28,3.1,10,45,1993.0,0,312,98400.0,2,0,1,0,0,0,1,0
1044,3.2,21,25,2009.0,0,343,225000.0,2,0,1,1,0,0,0,0
840,3.6,0,2,1956.0,5,119,60303.0,2,1,0,0,0,0,1,0
731,4.0,24,77,1986.0,0,356,155000.0,2,0,1,0,0,0,1,0
559,4.0,5,6,1799.0,9,274,203625.0,2,0,1,1,0,0,0,0
394,3.7,5,6,1864.0,7,35,61641.0,2,1,0,0,0,0,1,0
231,3.5,3,60,1883.0,0,73,130000.0,2,0,1,0,0,0,1,0
604,2.9,4,29,1986.0,0,217,124664.0,1,1,0,0,1,0,0,0
119,4.5,14,40,2000.0,5,74,77925.0,3,1,0,0,0,0,0,1
828,3.2,13,12,2014.0,3,394,100500.0,2,1,0,0,1,0,0,0
71,3.7,10,48,1994.0,9,344,136000.0,2,0,1,0,0,0,1,0
675,3.9,10,48,2004.0,9,65,130999.0,2,0,1,0,0,1,0,0
331,3.6,24,77,1986.0,0,68,153600.0,2,0,1,0,0,0,1,0
1068,3.1,6,56,1986.0,0,394,135658.0,2,0,1,0,0,0,1,0
570,4.3,0,2,1942.0,7,185,118645.0,3,1,0,0,0,0,1,0
598,3.6,18,8,2008.0,5,24,95609.0,2,1,0,0,1,0,0,0
97,4.2,10,18,1976.0,9,18,144128.0,3,1,0,0,0,0,1,0
212,2.5,24,77,1986.0,0,58,155000.0,1,0,1,0,0,0,1,0
882,4.1,10,45,1969.0,8,33,115046.0,3,1,0,1,0,0,0,0
882,4.1,10,45,1969.0,8,155,115503.0,3,1,0,1,0,0,0,0
1023,4.9,10,18,2014.0,0,344,126622.0,3,1,0,1,0,0,0,0
842,4.0,10,18,1985.0,9,330,166500.0,2,0,1,1,0,0,0,0
490,3.4,15,1,1998.0,4,279,92864.0,2,1,0,0,0,0,1,0
935,4.0,10,30,2012.0,7,29,289050.0,2,0,1,0,0,0,1,0
1068,3.1,6,56,1986.0,0,394,135658.0,2,0,1,0,0,0,1,0
594,4.2,24,77,1986.0,0,170,130000.0,3,0,1,0,0,0,1,0
602,3.88634903640257,24,77,1986.0,0,49,140107.0,2,1,0,0,0,0,1,0
842,4.0,10,18,1985.0,9,312,130000.0,2,0,1,0,0,0,1,0
205,3.7,21,78,1993.0,9,317,125747.0,2,1,0,1,0,0,0,0
424,3.7,0,2,1955.0,0,298,147718.0,2,0,1,1,0,0,0,0
575,3.9,7,41,1945.0,9,17,162480.0,2,0,1,0,0,0,1,0
320,4.2,10,45,2005.0,2,217,165000.0,3,0,1,0,0,0,1,0
71,3.7,10,48,1994.0,9,29,166700.0,2,0,1,0,0,0,1,0
425,3.9,10,45,1996.0,9,217,133246.0,2,1,0,0,0,0,1,0
698,4.6,10,18,1993.0,8,339,207125.0,3,0,1,1,0,0,0,0
168,4.2,13,12,1914.0,8,259,152650.0,3,0,1,0,0,0,1,0
559,4.0,5,6,1799.0,9,289,117224.0,2,1,0,0,0,0,1,0
217,3.1,24,77,1986.0,0,13,109582.0,2,1,0,0,0,0,1,0
1080,3.9,10,48,2009.0,9,331,230000.0,2,0,1,0,0,0,1,0
626,3.6,10,18,2012.0,0,331,165319.0,2,1,0,0,0,0,1,0
481,4.1,10,18,1939.0,0,274,182700.0,3,0,1,0,0,0,1,0
155,3.6,9,39,2011.0,0,41,160000.0,2,0,1,1,0,0,0,0
502,4.2,5,49,1956.0,2,394,101004.0,3,1,0,0,0,0,0,1
210,2.6,16,37,2021.0,0,67,92010.0,1,1,0,0,0,0,1,0
424,3.7,0,2,1955.0,0,298,178744.0,2,0,1,0,0,0,1,0
34,4.1,10,18,1969.0,9,332,176498.0,3,1,0,0,0,0,1,0
43,3.0,10,68,1986.0,0,12,83952.0,1,1,0,0,0,1,0,0
427,3.9,14,76,1908.0,9,392,148850.0,2,0,1,0,0,0,1,0
497,4.1,10,45,1911.0,9,252,195000.0,3,0,1,0,0,0,1,0
821,4.0,24,77,1986.0,0,331,169500.0,2,0,1,1,0,0,0,0
924,3.5,21,57,1910.0,8,85,121981.0,2,1,0,0,0,0,1,0
842,4.0,10,18,1985.0,9,330,185500.0,2,0,1,0,1,0,0,0
786,3.7,7,41,1894.0,6,94,102483.0,2,1,0,0,1,0,0,0
721,5.0,24,77,1986.0,0,385,50000.0,3,0,1,0,0,0,1,0
71,3.7,10,48,1994.0,9,252,159100.0,2,0,1,0,0,0,1,0
742,3.8,6,56,1943.0,0,266,91775.0,2,1,0,0,0,1,0,0
700,3.9,24,77,1986.0,0,209,106799.0,2,0,1,0,0,0,1,0
699,3.6,6,55,1625.0,0,209,106799.0,2,0,1,0,0,0,1,0
595,3.9,5,49,1989.0,7,125,237900.0,2,0,1,0,0,0,1,0
62,3.1,22,74,1973.0,8,196,231000.0,2,0,1,1,0,0,0,0
168,4.2,13,12,1914.0,8,33,174100.0,3,0,1,0,0,0,1,0
678,3.7,10,18,1978.0,9,165,290000.0,2,0,1,0,0,0,1,0
168,4.2,13,12,1914.0,8,13,119550.0,3,0,1,0,0,1,0,0
890,3.8,0,2,1957.0,0,370,113000.0,2,0,1,1,0,0,0,0
882,4.1,10,45,1969.0,8,155,109794.0,3,1,0,0,0,0,1,0
1165,4.1,24,77,1986.0,7,394,95866.0,3,1,0,0,0,0,0,1
197,3.4,1,35,1937.0,8,184,125031.0,2,1,0,0,0,0,1,0
672,4.1,18,8,1908.0,0,306,101602.0,3,1,0,0,1,0,0,0
859,5.0,10,30,2011.0,0,10,122729.0,3,1,0,0,0,0,1,0
381,3.7,5,32,1968.0,8,74,87806.0,2,1,0,0,1,0,0,0
829,3.6,10,48,2014.0,0,312,200000.0,2,0,1,1,0,0,0,0
698,4.6,10,18,1993.0,8,272,213750.0,3,0,1,0,0,0,1,0
1064,3.8,7,41,1966.0,0,330,63360.0,2,0,1,0,1,0,0,0
1026,3.6,7,41,1865.0,9,245,55103.0,2,1,0,0,0,0,1,0
698,4.6,10,18,1993.0,8,339,170125.0,3,0,1,1,0,0,0,0
86,3.8,7,41,1882.0,0,73,81758.0,2,1,0,0,0,0,1,0
777,4.0,4,29,1903.0,8,151,96850.0,2,0,1,0,0,0,1,0
810,3.3,11,47,2021.0,0,57,91662.0,2,1,0,0,1,0,0,0
686,5.0,19,62,2019.0,3,165,128760.0,3,1,0,0,0,0,1,0
1068,3.1,6,56,1986.0,0,394,72425.0,2,0,1,0,0,0,1,0
966,3.7,6,71,1889.0,9,293,117251.0,2,0,1,0,0,0,1,0
387,4.1,1,69,2009.0,5,394,123072.0,3,1,0,1,0,0,0,0
72,3.7,10,48,1994.0,9,339,115000.0,2,0,1,1,0,0,0,0
168,4.2,13,12,1914.0,8,384,152650.0,3,0,1,0,0,0,1,0
1099,4.3,3,16,1817.0,8,9,96154.0,3,0,1,0,0,0,1,0
168,4.2,13,12,1914.0,8,394,119550.0,3,0,1,0,0,1,0,0
523,3.7,24,77,1986.0,0,217,90056.0,2,1,0,0,1,0,0,0
195,3.1,7,41,1963.0,9,396,216300.0,2,0,1,0,0,0,1,0
405,4.5,11,46,1971.0,0,361,129584.0,3,1,0,0,0,0,1,0
579,2.8,18,8,1986.0,0,191,98579.0,1,1,0,0,0,0,0,1
470,4.2,24,77,1986.0,0,94,117251.0,3,0,1,0,0,0,1,0
652,3.4,7,41,1986.0,3,41,85340.0,2,1,0,0,0,0,1,0
87,3.7,10,48,1994.0,9,18,143964.0,2,1,0,0,1,0,0,0
97,4.2,10,18,1976.0,9,93,197700.0,3,0,1,1,0,0,0,0
842,4.0,10,18,1985.0,9,331,244500.0,2,0,1,1,0,0,0,0
168,4.2,13,12,1914.0,8,394,219200.0,3,0,1,1,0,0,0,0
572,4.2,18,8,1887.0,9,307,95000.0,3,0,1,0,0,0,1,0
513,3.4,24,77,1986.0,0,54,109795.0,2,1,0,0,0,0,1,0
342,3.6,10,45,1992.0,0,312,160000.0,2,0,1,0,1,0,0,0
532,4.2,24,77,1986.0,0,394,94060.0,3,0,1,0,1,0,0,0
71,3.7,10,48,1994.0,9,29,166700.0,2,0,1,1,0,0,0,0
842,4.0,10,18,1985.0,9,330,154500.0,2,0,1,1,0,0,0,0
816,3.3,14,51,1987.0,7,386,97873.0,2,1,0,0,0,0,1,0
678,3.7,10,18,1978.0,9,332,249000.0,2,0,1,1,0,0,0,0
1060,4.0,6,56,1950.0,0,394,184775.0,2,0,1,0,0,1,0,0
1080,3.9,10,48,2009.0,9,368,158000.0,2,0,1,1,0,0,0,0
914,4.4,10,30,2004.0,7,252,218000.0,3,0,1,0,0,1,0,0
842,4.0,10,18,1985.0,9,42,154500.0,2,0,1,0,0,1,0,0
943,4.1,16,63,1986.0,0,408,77383.0,3,0,1,0,1,0,0,0
481,4.1,10,18,1939.0,0,120,136725.0,3,0,1,0,0,1,0,0
882,4.1,10,45,1969.0,8,155,108762.0,3,1,0,1,0,0,0,0
842,4.0,10,18,1985.0,9,18,185000.0,2,0,1,1,0,0,0,0
534,3.4,20,65,2018.0,0,15,114463.0,2,1,0,0,0,0,1,0
678,3.7,10,18,1978.0,9,332,160500.0,2,0,1,1,0,0,0,0
34,4.1,10,18,1969.0,9,18,129455.0,3,1,0,1,0,0,0,0
449,3.6,24,77,1986.0,0,312,75000.0,2,0,1,0,0,0,1,0
168,4.2,13,12,1914.0,8,217,249950.0,3,0,1,1,0,0,0,0
1018,3.6,14,76,2003.0,7,274,226000.0,2,0,1,0,0,1,0,0
168,4.2,13,12,1914.0,8,33,174100.0,3,0,1,0,0,0,1,0
1124,3.8,22,74,2000.0,9,62,91027.0,2,1,0,0,0,0,1,0
113,4.5,7,41,1876.0,5,394,98562.0,3,1,0,0,1,0,0,0
1142,3.7,24,77,1986.0,3,111,120537.0,2,1,0,0,0,0,1,0
169,4.2,13,12,1914.0,8,347,95650.0,3,0,1,0,0,0,1,0
1043,3.6,18,8,1902.0,9,324,99815.0,2,1,0,0,0,0,1,0
328,3.8,5,6,1985.0,7,319,126947.0,2,0,1,0,0,0,1,0
679,4.3,10,18,1975.0,9,308,165200.0,3,0,1,0,0,0,1,0
45,4.3,10,48,2008.0,0,331,203000.0,3,0,1,0,0,0,1,0
97,4.2,10,18,1976.0,9,93,250150.0,3,0,1,0,0,0,1,0
676,4.4,24,77,1986.0,0,73,97718.0,3,1,0,0,1,0,0,0
18,4.3,16,37,1986.0,4,372,119788.0,3,1,0,0,0,0,1,0
667,3.6,7,41,1871.0,5,72,99603.0,2,1,0,0,0,0,1,0
59,3.8,24,77,1986.0,0,378,111510.0,2,1,0,0,0,0,1,0
1145,3.4,21,36,1962.0,9,30,76076.0,2,1,0,0,0,1,0,0
291,4.3,10,18,2017.0,2,331,170884.0,3,1,0,1,0,0,0,0
715,3.6,11,46,1845.0,9,251,182500.0,2,0,1,0,0,0,1,0
669,4.1,24,77,1986.0,0,360,130000.0,3,0,1,1,0,0,0,0
831,4.2,13,12,2003.0,3,29,187200.0,3,0,1,0,0,0,1,0
516,2.8,6,71,1975.0,0,359,65038.0,1,0,1,0,0,0,1,0
975,3.5,4,29,2012.0,0,384,100000.0,2,0,1,0,0,0,1,0
701,3.1,24,77,1986.0,0,394,105671.0,2,1,0,0,0,0,1,0
287,3.5,10,48,2010.0,0,243,142000.0,2,0,1,1,0,0,0,0
663,3.7,7,41,1833.0,9,317,212900.0,2,0,1,0,0,0,1,0
34,4.1,10,18,1969.0,9,44,131789.0,3,1,0,0,0,0,1,0
1047,3.4,10,48,2016.0,0,332,208400.0,2,0,1,1,0,0,0,0
842,4.0,10,18,1985.0,9,339,151000.0,2,0,1,0,0,1,0,0
97,4.2,10,18,1976.0,9,93,366250.0,3,0,1,1,0,0,0,0
97,4.2,10,18,1976.0,9,330,223300.0,3,0,1,1,0,0,0,0
811,3.8,14,28,1986.0,2,159,82799.0,2,1,0,0,0,0,1,0
97,4.2,10,18,1976.0,9,287,159526.0,3,1,0,1,0,0,0,0
1006,4.5,10,45,1995.0,5,66,109591.0,3,1,0,0,0,0,1,0
1179,4.3,24,77,1986.0,0,308,129600.0,3,0,1,1,0,0,0,0
34,4.1,10,18,1969.0,9,18,110760.0,3,1,0,0,0,1,0,0
887,3.8,10,45,1995.0,6,69,97531.0,2,1,0,0,0,0,1,0
1057,4.0,24,77,1986.0,0,331,175950.0,2,1,0,1,0,0,0,0
26,5.0,10,45,1986.0,0,360,120791.0,3,1,0,1,0,0,0,0
574,3.8,13,12,1987.0,7,217,111186.0,2,1,0,0,0,1,0,0
772,3.3,16,15,1916.0,0,83,125000.0,2,0,1,0,0,0,1,0
1043,3.6,18,8,1902.0,9,138,87114.0,2,1,0,0,1,0,0,0
1106,4.6,1,69,1986.0,0,206,65000.0,3,0,1,0,0,0,1,0
315,4.0,13,12,1850.0,9,41,105428.0,2,1,0,0,0,0,1,0
1031,3.7,13,12,2002.0,3,99,117324.0,2,1,0,0,0,0,1,0
678,3.7,10,18,1978.0,9,40,102235.0,2,1,0,0,0,1,0,0
106,4.4,13,64,1946.0,0,188,103615.0,3,1,0,0,0,0,1,0
920,3.9,13,12,1999.0,5,29,136500.0,2,0,1,0,0,0,1,0
614,4.1,18,8,1876.0,9,164,108126.0,3,1,0,0,0,0,1,0
700,4.1,24,77,1986.0,0,209,73006.0,3,0,1,0,0,0,1,0
771,3.7,23,67,1979.0,6,287,77287.0,2,1,0,0,0,0,1,0
683,3.4,11,47,1980.0,9,195,94700.0,2,0,1,0,0,0,1,0
624,4.5,10,18,2004.0,0,15,92292.0,3,1,0,0,1,0,0,0
702,4.4,6,56,1958.0,9,277,90836.0,3,1,0,0,0,0,1,0
1091,4.3,3,16,1925.0,3,19,90697.0,3,1,0,0,0,0,1,0
1113,4.5,9,39,1986.0,0,15,86311.0,3,1,0,0,0,0,1,0
700,3.8,24,77,1986.0,0,209,77446.0,2,0,1,0,0,0,1,0
315,4.0,13,12,1850.0,9,284,91429.0,2,1,0,0,0,0,1,0
765,2.7,17,7,1986.0,2,331,81859.0,1,1,0,0,0,0,1,0
218,3.1,18,8,2007.0,7,241,92256.0,2,1,0,0,0,0,1,0
466,4.8,10,45,2013.0,0,244,81124.0,3,1,0,1,0,0,0,0
610,3.8,10,68,1973.0,7,306,66844.0,2,1,0,0,0,0,1,0
433,4.3,3,16,1885.0,7,15,76533.0,3,1,0,1,0,0,0,0
362,4.1,3,16,1974.0,7,15,77847.0,3,1,0,0,0,0,1,0
427,3.9,14,76,1908.0,9,292,82292.0,2,1,0,1,0,0,0,0
928,3.9,10,45,1986.0,0,95,86400.0,2,0,1,1,0,0,0,0
724,4.2,10,45,2008.0,3,15,65853.0,3,1,0,1,0,0,0,0
675,3.9,10,48,2004.0,9,132,90505.0,2,0,1,0,0,1,0,0
598,3.6,18,8,2008.0,5,24,68439.0,2,1,0,0,0,1,0,0
732,4.2,3,16,1898.0,5,295,93543.0,3,1,0,0,0,0,1,0
265,4.2,3,16,1877.0,6,120,76500.0,3,0,1,0,0,0,1,0
1103,4.3,3,16,1883.0,7,18,75000.0,3,0,1,1,0,0,0,0
1090,4.3,3,16,1871.0,0,116,69039.0,3,1,0,0,0,0,1,0
458,3.8,21,57,1955.0,7,231,82000.0,2,0,1,0,0,0,1,0
734,3.9,7,41,1997.0,9,183,87200.0,2,0,1,0,1,0,0,0
481,4.1,10,18,1939.0,0,18,90946.0,3,1,0,1,0,0,0,0
542,4.4,13,12,2009.0,0,7,91015.0,3,1,0,0,1,0,0,0
1045,3.2,6,56,2002.0,0,394,80002.0,2,1,0,0,0,0,0,1
1124,3.8,22,74,2000.0,9,20,91958.0,2,1,0,0,0,1,0,0
315,4.0,13,12,1850.0,9,181,77791.0,2,1,0,0,0,0,1,0
1054,4.9,10,45,2021.0,2,312,90000.0,3,0,1,1,0,0,0,0
178,3.4,13,53,1939.0,0,245,78353.0,2,1,0,0,0,0,1,0
195,3.1,7,41,1963.0,9,285,72850.0,2,0,1,0,1,0,0,0
11,3.7,11,47,1919.0,9,169,92531.0,2,1,0,0,0,0,1,0
214,3.7,14,51,1902.0,9,288,84168.0,2,0,1,0,0,0,1,0
553,3.5,13,12,1975.0,7,394,90629.0,2,1,0,0,0,0,0,1
689,3.5,7,41,2013.0,7,252,90591.0,2,0,1,0,1,0,0,0
1071,4.2,6,56,1934.0,0,394,67036.0,3,0,1,0,0,0,1,0
882,4.1,10,45,1969.0,8,268,93957.0,3,1,0,1,0,0,0,0
360,3.2,11,47,1937.0,8,252,86500.0,2,0,1,0,0,0,1,0
315,4.0,13,12,1850.0,9,218,90476.0,2,1,0,0,0,1,0,0
947,4.1,24,77,1986.0,0,309,63360.0,3,0,1,0,0,0,1,0
647,4.2,21,26,2014.0,0,199,87500.0,3,0,1,0,1,0,0,0
962,3.3,11,47,1919.0,7,15,93332.0,2,1,0,1,0,0,0,0
344,4.0,13,12,1973.0,5,324,87616.0,2,1,0,0,0,0,1,0
585,3.3,18,8,2020.0,0,212,82688.0,2,1,0,0,0,0,0,1
1099,4.3,3,16,1817.0,8,9,78957.0,3,1,0,1,0,0,0,0
225,4.4,24,77,1986.0,0,331,85500.0,3,0,1,0,0,0,1,0
374,3.2,18,8,1987.0,8,81,67372.0,2,1,0,0,0,0,1,0
410,3.7,13,12,1928.0,7,371,86554.0,2,1,0,0,0,0,1,0
249,3.6,6,55,1682.0,0,284,82000.0,2,0,1,0,1,0,0,0
1067,3.9,6,56,2004.0,0,65,93150.0,2,0,1,0,0,0,1,0
315,4.0,13,12,1850.0,9,15,79964.0,2,1,0,0,0,0,1,0
700,3.4,24,77,1986.0,0,209,87761.0,2,0,1,0,1,0,0,0
375,5.0,10,45,1986.0,0,186,86985.0,3,1,0,1,0,0,0,0
349,3.8,24,77,1986.0,0,217,93103.0,2,1,0,0,0,0,1,0
792,1.4,2,4,1986.0,0,217,88486.0,0,1,0,1,0,0,0,0
1153,3.9,3,16,1967.0,4,91,79349.0,2,1,0,0,1,0,0,0
685,4.0,3,16,1893.0,5,45,68743.0,2,1,0,0,0,0,1,0
886,4.2,3,16,1986.0,0,332,76000.0,3,0,1,0,0,0,1,0
1014,4.0,10,45,2006.0,3,262,69139.2,2,0,1,0,0,0,1,0
1169,3.7,3,16,1966.0,5,250,92648.0,2,1,0,0,0,0,1,0
315,4.0,13,12,1850.0,9,181,82508.0,2,1,0,0,0,0,1,0
903,3.0,24,77,1986.0,0,233,86400.0,1,0,1,1,0,0,0,0
1160,3.1,10,45,1945.0,8,371,96604.0,2,0,1,0,0,0,1,0
1159,3.3,20,65,1994.0,2,1,84724.0,2,1,0,0,0,0,1,0
295,3.6,7,41,1964.0,5,89,87339.0,2,1,0,0,1,0,0,0
1099,4.3,3,16,1817.0,8,9,74004.0,3,1,0,0,0,0,0,1
927,3.8,14,33,1949.0,7,351,86750.0,2,1,0,0,1,0,0,0
366,3.9,10,45,2013.0,3,13,66370.0,2,1,0,0,0,0,1,0
917,3.0,5,32,2014.0,4,139,87274.0,1,1,0,0,1,0,0,0
834,4.3,3,16,1869.0,0,399,91766.0,3,1,0,0,1,0,0,0
1040,3.8,3,16,1890.0,0,382,75982.0,2,1,0,0,0,0,1,0
857,3.4,10,18,1993.0,0,18,95175.0,2,1,0,0,0,0,1,0
1054,4.9,10,45,2021.0,2,20,93689.0,3,1,0,0,0,0,1,0
209,4.0,7,41,2015.0,0,13,94769.0,2,1,0,0,1,0,0,0
631,4.4,0,2,1951.0,0,191,94945.0,3,1,0,0,0,0,1,0
1013,3.4,14,76,1999.0,7,399,84574.0,2,1,0,0,0,0,1,0
15,3.8,13,12,1984.0,5,394,78033.0,2,1,0,0,0,0,1,0
565,3.6,11,46,2017.0,0,271,85551.0,2,1,0,1,0,0,0,0
882,4.1,10,45,1969.0,8,175,94715.0,3,1,0,1,0,0,0,0
401,4.5,23,3,1986.0,0,18,94529.0,3,1,0,0,0,0,1,0
902,3.9,24,77,1986.0,0,388,94389.0,2,1,0,0,0,0,1,0
1152,3.9,3,16,1867.0,6,240,69295.0,2,1,0,0,0,0,1,0
1145,3.4,21,36,1962.0,9,30,85407.0,2,1,0,0,0,0,1,0
37,4.0,13,12,1986.0,3,312,76500.0,2,0,1,0,0,0,1,0
498,3.7,13,12,1969.0,7,315,77945.0,2,0,1,1,0,0,0,0
1163,2.9,24,77,1986.0,0,245,84558.0,1,1,0,0,0,0,1,0
565,3.6,11,46,2017.0,0,371,85290.0,2,1,0,0,0,0,1,0
1054,4.9,10,45,2021.0,2,252,90000.0,3,0,1,1,0,0,0,0
1171,4.2,3,16,1701.0,7,249,87098.0,3,1,0,0,0,0,0,1
51,4.0,6,55,1986.0,2,127,70752.0,2,0,1,0,0,0,1,0
807,3.7,10,68,2004.0,0,232,77115.0,2,1,0,0,1,0,0,0
1043,3.6,18,8,1902.0,9,58,78831.0,2,1,0,1,0,0,0,0
21,3.9,10,45,1986.0,3,312,79680.0,2,0,1,1,0,0,0,0
367,3.9,10,45,2013.0,3,13,66370.0,2,1,0,0,0,0,1,0
716,4.2,6,71,1986.0,1,252,83478.0,3,0,1,0,0,0,1,0
774,3.5,5,6,1845.0,9,287,90293.0,2,1,0,0,1,0,0,0
57,3.0,7,41,1994.0,0,155,70000.0,1,0,1,0,1,0,0,0
954,4.0,15,61,2015.0,0,199,79050.0,2,0,1,0,0,0,1,0
852,4.1,10,45,1880.0,9,306,64635.0,3,1,0,0,0,0,1,0
168,4.2,13,12,1914.0,8,259,95650.0,3,0,1,0,0,1,0,0
499,3.8,18,8,1990.0,7,223,92929.0,2,1,0,0,0,0,0,1
445,3.8,24,77,1986.0,0,332,76800.0,2,0,1,0,0,0,1,0
6,3.6,24,77,1986.0,0,357,75686.0,2,0,1,0,0,0,0,1
271,3.4,18,8,2018.0,0,56,92883.0,2,1,0,0,0,0,0,1
674,3.9,11,46,1868.0,9,62,89900.0,2,1,0,0,0,0,1,0
425,3.9,10,45,1996.0,9,163,80829.0,2,0,1,0,0,0,1,0
489,3.2,0,2,1888.0,0,405,93197.0,2,1,0,1,0,0,0,0
111,3.4,7,41,1902.0,0,312,85280.0,2,0,1,0,0,0,1,0
459,4.2,21,38,1905.0,9,329,94142.0,3,1,0,0,0,0,1,0
240,4.0,7,41,1883.0,7,74,90316.0,2,1,0,0,0,0,1,0
92,3.5,24,77,1986.0,0,104,84480.0,2,0,1,1,0,0,0,0
121,3.4,24,77,1986.0,0,252,86565.0,2,0,1,0,0,0,1,0
338,3.8,7,41,1998.0,7,103,94230.0,2,1,0,0,0,0,1,0
315,4.0,13,12,1850.0,9,284,94108.0,2,1,0,0,0,0,1,0
140,3.8,10,45,2011.0,3,167,95000.0,2,0,1,0,0,0,1,0
432,4.3,3,16,1885.0,7,15,72709.0,3,0,1,0,0,0,1,0
54,2.4,2,19,1986.0,0,278,86060.0,1,1,0,0,0,0,1,0
817,4.2,10,45,2008.0,3,227,72960.0,3,0,1,0,0,0,1,0
3,3.1,11,46,2002.0,0,94,91912.0,2,1,0,0,1,0,0,0
1161,4.6,24,77,1986.0,0,64,73770.0,3,1,0,0,0,0,1,0
689,3.5,7,41,2013.0,7,252,82356.0,2,0,1,0,0,0,1,0
467,3.7,7,41,1986.0,8,106,88088.0,2,1,0,0,1,0,0,0
335,4.1,14,14,1897.0,9,226,89716.0,3,1,0,0,0,0,1,0
852,4.1,10,45,1880.0,9,306,65606.0,3,1,0,0,0,0,1,0
376,3.8,14,21,2015.0,6,18,72500.0,2,0,1,0,0,0,1,0
483,3.8,21,42,1978.0,9,15,75954.0,2,1,0,0,1,0,0,0
1103,4.3,3,16,1883.0,7,18,70000.0,3,0,1,0,0,0,1,0
700,3.3,24,77,1986.0,0,197,75442.0,2,0,1,0,1,0,0,0
375,5.0,10,45,1986.0,0,109,68755.0,3,1,0,0,0,0,1,0
711,3.8,6,71,1986.0,0,377,94457.0,2,0,1,0,0,0,0,1
480,3.4,3,16,2016.0,0,33,72851.0,2,1,0,0,1,0,0,0
700,3.4,24,77,1986.0,0,209,74197.0,2,0,1,0,0,0,1,0
514,4.1,13,64,1955.0,0,161,95004.0,3,0,1,0,0,0,1,0
1162,3.4,7,41,1986.0,0,300,74411.0,2,1,0,0,0,0,1,0
592,3.6,14,51,1971.0,8,136,85984.0,2,1,0,0,0,0,1,0
1029,4.8,24,77,1986.0,0,328,85000.0,3,0,1,1,0,0,0,0
477,4.1,24,77,1986.0,0,289,76800.0,3,0,1,0,0,0,1,0
176,4.1,15,1,2013.0,1,48,88304.0,3,1,0,0,0,0,1,0
26,5.0,10,45,1986.0,0,324,92527.0,3,1,0,0,0,0,1,0
315,4.0,13,12,1850.0,9,322,89465.0,2,1,0,0,0,0,1,0
674,3.9,11,46,1868.0,9,62,87047.0,2,1,0,0,0,0,1,0
1171,4.2,3,16,1701.0,7,249,85379.0,3,1,0,0,0,0,0,1
609,3.8,24,77,1986.0,0,148,71692.8,2,0,1,0,0,0,1,0
976,3.88634903640257,23,73,2004.0,3,2,92529.0,2,1,0,0,0,0,1,0
844,3.6,14,40,1937.0,7,330,91500.0,2,0,1,0,0,0,1,0
624,4.5,10,18,2004.0,0,15,90219.0,3,1,0,0,0,0,1,0
692,3.4,7,41,1986.0,5,296,85996.79999999999,2,0,1,0,0,0,1,0
147,3.7,3,16,1900.0,7,157,82146.0,2,1,0,0,0,0,1,0
359,3.0,13,12,1946.0,7,230,92015.0,1,1,0,0,0,0,1,0
1028,3.6,11,47,1810.0,9,143,90500.0,2,0,1,0,0,1,0,0
965,2.8,7,41,1986.0,0,235,64780.8,1,0,1,0,0,0,1,0
221,2.8,16,15,1989.0,4,51,70000.0,1,0,1,0,1,0,0,0
767,3.2,7,41,1882.0,9,317,85803.0,2,1,0,0,0,0,1,0
956,4.2,3,16,1874.0,5,264,81599.0,3,1,0,0,0,0,1,0
964,3.9,6,71,1967.0,0,325,72556.79999999999,2,0,1,0,0,0,1,0
689,3.5,7,41,2013.0,7,252,93289.0,2,0,1,0,0,0,1,0
135,3.9,0,2,1916.0,9,147,90409.0,2,1,0,0,0,0,1,0
114,3.7,14,51,1972.0,7,70,85861.0,2,1,0,0,1,0,0,0
1145,3.4,21,36,1962.0,9,30,77712.0,2,1,0,0,1,0,0,0
1092,4.4,24,77,1986.0,0,32,82750.0,3,0,1,0,0,0,1,0
993,3.5,6,71,1835.0,0,18,117251.0,2,0,1,0,0,0,1,0
994,5.0,18,8,2018.0,3,299,95000.0,3,0,1,0,0,0,0,1
778,3.7,7,41,2003.0,0,15,84747.0,2,1,0,0,1,0,0,0
1089,4.1,3,16,1885.0,7,381,86871.0,3,0,1,0,1,0,0,0
708,3.8,7,41,1892.0,7,82,91575.0,2,1,0,0,0,0,1,0
808,3.4,11,47,1982.0,3,411,95089.0,2,1,0,0,0,0,1,0
350,3.9,5,6,1989.0,6,204,74323.0,2,1,0,0,0,0,1,0
820,4.6,3,16,1746.0,0,299,79470.0,3,1,0,0,0,0,1,0
719,2.8,15,10,1996.0,6,252,90000.0,1,0,1,0,1,0,0,0
607,3.4,5,6,1996.0,5,68,94546.0,2,1,0,0,0,0,1,0
629,3.6,4,29,1998.0,0,59,83782.0,2,1,0,0,1,0,0,0
1167,3.2,24,77,1986.0,0,312,85000.0,2,0,1,1,0,0,0,0
1118,4.1,10,45,1986.0,2,289,86400.0,3,0,1,1,0,0,0,0
554,4.9,10,30,1986.0,0,371,92438.0,3,1,0,0,0,0,1,0
841,4.0,13,64,2019.0,0,73,86481.0,2,1,0,0,0,0,1,0
1151,4.0,21,57,2004.0,6,193,85574.0,2,1,0,0,0,0,1,0
852,4.1,10,45,1880.0,9,306,70956.0,3,1,0,0,0,0,1,0
143,3.2,7,41,2006.0,0,270,90000.0,2,0,1,0,1,0,0,0
559,4.0,5,6,1799.0,9,371,85696.0,2,1,0,1,0,0,0,0
100,4.0,0,2,1979.0,5,30,70521.0,2,1,0,0,0,0,1,0
689,3.5,7,41,2013.0,7,252,66456.0,2,0,1,0,1,0,0,0
376,3.8,14,21,2015.0,6,73,91493.0,2,1,0,0,0,0,0,1
101,4.0,10,68,1983.0,5,73,94087.0,2,1,0,0,0,0,1,0
651,3.9,7,41,1811.0,7,41,91479.0,2,1,0,0,0,0,0,1
137,4.0,24,77,1986.0,0,15,86940.0,2,1,0,0,0,0,0,1
33,3.2,3,16,1931.0,0,80,84129.0,2,0,1,0,1,0,0,0
1019,4.0,7,41,1954.0,7,157,91152.0,2,1,0,0,0,0,1,0
1048,3.8,10,45,1996.0,0,166,80601.0,2,1,0,0,0,0,1,0
315,4.0,13,12,1850.0,9,181,90004.0,2,1,0,0,0,0,1,0
1055,3.3,5,6,2019.0,8,317,77866.0,2,1,0,0,0,0,1,0
174,3.8,10,45,1986.0,0,394,94569.0,2,1,0,0,1,0,0,0
757,3.6,3,27,2004.0,0,392,89109.0,2,1,0,1,0,0,0,0
1102,4.3,3,16,1905.0,5,348,71741.0,3,1,0,0,0,0,1,0
191,4.1,0,2,1942.0,5,13,88702.0,3,1,0,0,0,0,0,1
1079,3.9,7,41,1943.0,7,94,90720.0,2,1,0,0,0,0,1,0
403,3.8,15,10,2019.0,0,312,87450.0,2,0,1,0,0,0,1,0
258,3.8,10,45,1994.0,9,68,78750.0,2,1,0,1,0,0,0,0
460,3.9,7,41,1986.0,0,371,82354.0,2,1,0,0,1,0,0,0
80,3.4,18,8,2002.0,7,50,82500.0,2,0,1,0,0,0,1,0
622,3.5,24,77,1986.0,0,284,81600.0,2,0,1,0,1,0,0,0
742,3.8,6,56,1943.0,0,266,76789.0,2,1,0,0,0,0,1,0
412,3.0,5,0,1995.0,3,33,89675.0,1,1,0,0,0,0,0,1
1099,4.3,3,16,1817.0,8,9,92792.0,3,1,0,1,0,0,0,0
164,4.8,6,56,2016.0,0,400,87500.0,3,0,1,0,0,0,1,0
1085,4.1,4,29,1984.0,0,297,74263.0,3,1,0,0,1,0,0,0
1137,3.8,5,49,2013.0,8,143,81707.0,2,1,0,0,1,0,0,0
1054,4.9,10,45,2021.0,2,299,85000.0,3,0,1,1,0,0,0,0
1092,4.4,24,77,1986.0,0,32,78450.0,3,0,1,0,1,0,0,0
801,3.7,24,77,1986.0,2,5,81600.0,2,0,1,0,0,0,1,0
203,3.2,24,77,1986.0,0,15,91200.0,2,0,1,0,1,0,0,0
56,3.8,5,6,1919.0,8,68,90398.0,2,1,0,0,1,0,0,0
433,4.3,3,16,1885.0,7,15,92290.0,3,1,0,1,0,0,0,0
184,3.4,13,12,1828.0,8,312,90000.0,2,0,1,0,1,0,0,0
881,4.2,4,54,1986.0,0,360,91548.0,3,1,0,0,0,0,1,0
213,4.4,3,16,1900.0,7,287,92075.0,3,1,0,0,0,1,0,0
389,3.9,23,73,2000.0,2,289,80385.0,2,1,0,0,0,0,1,0
433,4.3,3,16,1885.0,7,15,66692.0,3,1,0,1,0,0,0,0
394,3.7,5,6,1864.0,7,219,89391.0,2,1,0,1,0,0,0,0
416,3.4,23,67,2021.0,0,15,66313.0,2,1,0,0,1,0,0,0
1100,4.2,3,16,1851.0,0,230,74000.0,3,0,1,1,0,0,0,0
1087,3.8,7,41,1917.0,0,329,67169.0,2,1,0,0,1,0,0,0
711,3.8,6,71,1986.0,0,377,91581.0,2,0,1,0,0,0,0,1
386,4.3,24,77,1986.0,0,102,68462.0,3,1,0,1,0,0,0,0
689,3.5,7,41,2013.0,7,252,82356.0,2,0,1,0,0,0,1,0
425,3.9,10,45,1996.0,9,360,81586.0,2,1,0,0,0,0,1,0
353,3.5,24,77,1986.0,0,18,80870.4,2,0,1,0,0,0,1,0
894,3.3,21,36,1983.0,9,94,88373.0,2,1,0,0,0,0,1,0
648,3.7,6,71,1986.0,8,19,96370.0,2,0,1,0,0,0,1,0
563,3.6,7,41,1824.0,7,284,76045.0,2,1,0,0,0,0,0,1
1035,4.2,6,56,1986.0,3,33,83670.0,3,1,0,0,0,0,0,1
1099,4.3,3,16,1817.0,8,9,79688.0,3,1,0,0,0,0,0,1
1078,3.9,10,45,1999.0,0,384,85000.0,2,0,1,1,0,0,0,0
1117,3.7,5,49,1975.0,0,208,93579.0,2,1,0,0,1,0,0,0
421,4.1,13,12,1979.0,7,166,94130.0,3,0,1,0,1,0,0,0
532,3.6,24,77,1986.0,0,394,94060.0,2,0,1,0,1,0,0,0
181,4.9,24,77,1986.0,0,312,117251.0,3,0,1,1,0,0,0,0
61,4.8,10,68,2011.0,0,207,89021.0,3,1,0,0,1,0,0,0
688,3.5,3,16,1900.0,4,19,91369.0,2,1,0,0,0,0,0,1
1094,4.2,3,16,1905.0,7,96,70904.0,3,0,1,1,0,0,0,0
1117,3.7,5,49,1975.0,0,68,80776.0,2,1,0,1,0,0,0,0
1180,3.0,24,77,1986.0,0,233,82368.0,1,0,1,1,0,0,0,0
571,4.0,3,16,1876.0,7,19,73400.0,2,0,1,0,0,0,1,0
840,3.6,0,2,1956.0,5,394,78373.0,2,1,0,0,1,0,0,0
112,4.2,4,29,2014.0,0,268,91409.0,3,1,0,0,0,0,1,0
278,3.7,11,47,1981.0,5,252,86500.0,2,0,1,0,0,0,1,0
245,4.4,10,45,1999.0,4,66,73412.0,3,1,0,0,1,0,0,0
908,4.0,0,2,1979.0,0,159,185300.0,2,0,1,0,0,0,1,0
81,3.9,10,30,2000.0,0,252,195000.0,2,0,1,0,0,0,1,0
971,4.0,14,40,1941.0,9,294,203000.0,2,0,1,0,0,0,1,0
298,3.6,24,77,1986.0,0,68,172800.0,2,0,1,0,0,0,1,0
663,3.7,7,41,1833.0,9,216,219700.0,2,0,1,0,0,0,1,0
97,4.2,10,18,1976.0,9,93,197700.0,3,0,1,1,0,0,0,0
187,3.4,10,30,2009.0,0,310,183000.0,2,0,1,1,0,0,0,0
1028,3.6,11,47,1810.0,9,143,185000.0,2,0,1,0,1,0,0,0
497,4.1,10,45,1911.0,9,66,182000.0,3,0,1,0,0,0,1,0
691,3.7,10,30,2016.0,0,243,193000.0,2,0,1,1,0,0,0,0
431,3.5,10,48,1986.0,1,274,215000.0,2,0,1,0,0,0,1,0
1178,3.9,10,48,2005.0,7,312,203000.0,2,0,1,0,0,0,1,0
195,3.1,7,41,1963.0,9,396,202009.0,2,0,1,0,0,0,1,0
1147,3.6,15,31,2003.0,9,331,208000.0,2,0,1,1,0,0,0,0
582,4.0,14,28,2014.0,0,341,199800.0,2,0,1,1,0,0,0,0
276,4.4,9,70,1986.0,0,36,208000.0,3,0,1,0,0,1,0,0
978,5.0,1,35,2014.0,0,384,190000.0,3,0,1,0,0,0,1,0
110,2.8,24,77,1986.0,0,274,195000.0,1,0,1,0,0,0,0,1
710,4.2,10,48,1997.0,8,200,178472.0,3,1,0,0,0,0,1,0
97,4.2,10,18,1976.0,9,93,197700.0,3,0,1,1,0,0,0,0
961,3.6,20,65,1971.0,9,344,194200.0,2,0,1,0,0,0,1,0
653,3.5,10,48,2015.0,7,331,202500.0,2,0,1,0,0,0,1,0
1154,3.6,10,18,1970.0,9,332,185707.0,2,1,0,0,0,0,1,0
849,3.5,7,41,2003.0,0,312,209583.0,2,0,1,0,0,0,1,0
226,2.9,10,48,2007.0,3,384,219000.0,1,0,1,1,0,0,0,0
710,4.2,10,48,1997.0,8,200,190060.0,3,1,0,0,0,0,1,0
78,4.2,5,32,1850.0,9,285,212500.0,3,0,1,1,0,0,0,0
1047,3.4,10,48,2016.0,0,332,191250.0,2,0,1,1,0,0,0,0
763,4.7,10,68,2018.0,3,384,210000.0,3,0,1,1,0,0,0,0
34,4.1,10,18,1969.0,9,332,189787.0,3,1,0,1,0,0,0,0
117,4.0,10,68,2002.0,0,331,184551.0,2,1,0,1,0,0,0,0
1173,3.5,10,48,2004.0,6,18,190000.0,2,0,1,0,0,0,1,0
409,4.2,14,40,1892.0,9,344,213180.0,3,0,1,1,0,0,0,0
1134,4.1,10,45,1958.0,9,18,185500.0,3,0,1,0,0,0,1,0
352,4.0,14,40,1958.0,7,165,182916.0,2,1,0,0,0,0,1,0
934,3.7,10,18,2011.0,0,199,195500.0,2,0,1,0,0,0,1,0
24,3.8,7,41,1888.0,9,4,188600.0,2,0,1,0,0,0,1,0
679,4.3,10,18,1975.0,9,308,195200.0,3,0,1,0,0,0,1,0
97,4.2,10,18,1976.0,9,93,197700.0,3,0,1,1,0,0,0,0
738,3.8,10,18,2016.0,0,243,209000.0,2,0,1,1,0,0,0,0
712,3.6,10,30,2008.0,5,15,202500.0,2,0,1,0,0,0,1,0
573,4.1,14,51,1976.0,7,228,191700.0,3,0,1,0,0,0,1,0
497,4.1,10,45,1911.0,9,66,195000.0,3,0,1,0,0,0,1,0
158,2.8,10,18,2018.0,0,199,195000.0,1,0,1,0,1,0,0,0
821,4.0,24,77,1986.0,0,331,191500.0,2,0,1,1,0,0,0,0
157,3.3,10,68,2001.0,6,290,203300.0,2,0,1,1,0,0,0,0
1003,3.5,21,36,1962.0,9,230,200050.0,2,0,1,0,0,0,1,0
275,5.0,24,77,1986.0,0,252,205000.0,3,0,1,0,0,0,1,0
748,3.9,10,48,2004.0,9,308,214000.0,2,0,1,0,0,0,1,0
97,4.2,10,18,1976.0,9,344,210300.0,3,0,1,1,0,0,0,0
1080,3.9,10,48,2009.0,9,331,195000.0,2,0,1,0,0,0,1,0
1080,3.9,10,48,2009.0,9,331,203000.0,2,0,1,0,0,0,1,0
847,4.1,10,18,2006.0,0,252,187500.0,3,0,1,1,0,0,0,0
1058,5.0,10,30,2017.0,2,217,200000.0,3,0,1,1,0,0,0,0
419,3.0,15,61,1906.0,7,164,183350.0,1,0,1,0,0,0,1,0
424,3.7,0,2,1955.0,0,298,196617.0,2,0,1,1,0,0,0,0
1134,4.1,10,45,1958.0,9,29,210950.0,3,0,1,1,0,0,0,0
97,4.2,10,18,1976.0,9,93,197700.0,3,0,1,1,0,0,0,0
50,3.7,16,15,1986.0,0,6,182500.0,2,0,1,0,0,0,1,0
1037,4.1,11,47,1853.0,9,143,183700.0,3,0,1,0,0,0,1,0
385,4.4,21,81,2017.0,0,312,216750.0,3,0,1,1,0,0,0,0
172,4.4,10,68,2005.0,6,310,216500.0,3,0,1,1,0,0,0,0
454,5.0,10,45,2017.0,0,312,195000.0,3,0,1,0,0,0,1,0
776,3.9,10,45,2002.0,3,312,193811.0,2,0,1,1,0,0,0,0
710,4.2,10,48,1997.0,8,200,179365.0,3,1,0,1,0,0,0,0
572,4.2,18,8,1887.0,9,374,183650.0,3,0,1,0,0,0,1,0
1037,4.1,11,47,1853.0,9,325,183700.0,3,0,1,0,0,0,1,0
425,3.9,10,45,1996.0,9,163,195000.0,2,0,1,0,0,0,1,0
97,4.2,10,18,1976.0,9,93,186900.0,3,0,1,0,0,0,1,0
562,3.2,18,8,2003.0,7,41,198875.0,2,0,1,0,0,0,1,0
1051,3.7,13,12,1988.0,7,312,217000.0,2,0,1,0,0,0,1,0
195,3.1,7,41,1963.0,9,143,216300.0,2,0,1,1,0,0,0,0
473,3.5,14,21,1923.0,8,306,204800.0,2,0,1,1,0,0,0,0
1145,3.4,21,36,1962.0,9,29,198000.0,2,0,1,0,0,0,1,0
97,4.2,10,18,1976.0,9,56,186784.0,3,1,0,1,0,0,0,0
1184,2.4,15,1,2000.0,0,252,195000.0,1,0,1,1,0,0,0,0
84,3.5,10,48,1995.0,7,331,180458.0,2,1,0,0,0,0,1,0
1164,4.2,10,30,2005.0,7,15,210000.0,3,0,1,1,0,0,0,0
1119,2.4,24,77,1986.0,0,312,200000.0,1,0,1,0,0,0,1,0
1184,2.4,15,1,2000.0,0,252,195000.0,1,0,1,1,0,0,0,0
97,4.2,10,18,1976.0,9,93,201100.0,3,0,1,0,0,0,1,0
274,2.8,7,41,1968.0,9,133,208520.0,1,0,1,0,0,0,1,0
793,3.9,15,61,2013.0,0,252,187500.0,2,0,1,0,0,0,1,0
736,3.9,24,77,1986.0,0,56,180000.0,2,0,1,0,0,0,1,0
1021,4.0,22,74,2009.0,4,331,205120.0,2,1,0,0,0,0,1,0
97,4.2,10,18,1976.0,9,344,187400.0,3,0,1,1,0,0,0,0
590,4.4,10,18,2018.0,0,243,180536.0,3,1,0,1,0,0,0,0
679,4.3,10,18,1975.0,9,308,217550.0,3,0,1,1,0,0,0,0
687,3.9,5,49,1935.0,9,252,134156.0,2,1,0,1,0,0,0,0
473,3.5,14,21,1923.0,8,384,204760.0,2,0,1,1,0,0,0,0
1198,3.2,10,45,2018.0,0,252,190000.0,2,0,1,1,0,0,0,0
607,3.4,5,6,1996.0,5,68,207500.0,2,0,1,0,0,0,1,0
1176,3.2,24,77,1986.0,0,312,215000.0,2,0,1,1,0,0,0,0
868,4.0,18,8,1986.0,2,310,192500.0,2,0,1,0,0,0,0,1
675,3.9,10,48,2004.0,9,221,194000.0,2,0,1,0,0,0,1,0
752,3.8,7,41,2011.0,0,312,182250.0,2,0,1,1,0,0,0,0
870,3.4,10,18,2016.0,5,252,218625.0,2,0,1,1,0,0,0,0
858,4.0,9,70,2019.0,2,335,185000.0,2,0,1,1,0,0,0,0
979,3.5,10,18,1986.0,7,332,208050.0,2,0,1,0,0,0,1,0
679,4.3,10,18,1975.0,9,308,195200.0,3,0,1,0,0,0,1,0
551,4.3,14,40,1995.0,7,368,195000.0,3,0,1,1,0,0,0,0
97,4.2,10,18,1976.0,9,93,196074.0,3,0,1,1,0,0,0,0
1049,4.2,13,64,2016.0,0,198,180900.0,3,0,1,0,0,0,1,0
273,3.8,24,77,1986.0,0,331,207500.0,2,0,1,1,0,0,0,0
559,4.0,5,6,1799.0,9,170,203625.0,2,0,1,1,0,0,0,0
1108,3.8,11,47,1848.0,9,331,179137.0,2,1,0,0,0,0,1,0
32,4.3,10,18,1982.0,9,332,217550.0,3,0,1,1,0,0,0,0
1000,2.8,7,41,2011.0,4,252,180000.0,1,0,1,1,0,0,0,0
766,2.9,10,30,2014.0,0,344,195000.0,1,0,1,0,0,0,1,0
876,4.1,10,18,2008.0,4,11,208000.0,3,0,1,0,0,1,0,0
1037,4.1,11,47,1853.0,9,143,192800.0,3,0,1,0,0,1,0,0
497,4.1,10,45,1911.0,9,190,209000.0,3,0,1,0,1,0,0,0
1145,3.4,21,36,1962.0,9,368,214500.0,2,0,1,1,0,0,0,0
952,3.9,10,30,2003.0,7,312,193040.0,2,0,1,0,0,0,1,0
710,4.2,10,48,1997.0,8,200,187007.0,3,1,0,0,0,0,1,0
132,4.2,18,8,1885.0,9,318,130689.0,3,1,0,0,0,0,0,1
675,3.9,10,48,2004.0,9,177,195500.0,2,0,1,0,0,1,0,0
275,4.0,24,77,1986.0,0,252,205000.0,2,0,1,0,0,0,1,0
1082,4.0,10,30,2005.0,0,29,202975.0,2,0,1,0,0,0,1,0
698,4.6,10,18,1993.0,8,339,210000.0,3,0,1,0,0,1,0,0
725,3.2,10,48,2010.0,0,331,191580.0,2,1,0,0,0,0,1,0
897,3.9,10,68,1988.0,4,243,205175.0,2,0,1,0,0,0,1,0
428,4.4,24,77,1986.0,0,355,187275.0,3,1,0,0,0,0,1,0
395,3.7,7,41,2021.0,0,252,180000.0,2,0,1,0,0,0,1,0
14,3.1,10,30,2018.0,0,384,202500.0,2,0,1,1,0,0,0,0
247,3.8,6,71,1986.0,0,384,185237.0,2,0,1,1,0,0,0,0
605,3.7,24,77,1986.0,0,80,185000.0,2,0,1,0,0,0,1,0
157,3.3,10,68,2001.0,6,290,203300.0,2,0,1,1,0,0,0,0
559,4.0,5,6,1799.0,9,170,217875.0,2,0,1,1,0,0,0,0
802,3.9,10,48,2010.0,5,331,182506.0,2,1,0,0,0,0,1,0
1047,3.4,10,48,2016.0,0,332,208500.0,2,0,1,1,0,0,0,0
1145,3.4,21,36,1962.0,9,368,214500.0,2,0,1,0,0,0,1,0
679,4.3,10,18,1975.0,9,308,195200.0,3,0,1,1,0,0,0,0
1167,3.5,24,77,1986.0,0,312,200000.0,2,0,1,1,0,0,0,0
195,3.1,7,41,1963.0,9,252,185786.0,2,0,1,1,0,0,0,0
710,4.2,10,48,1997.0,8,200,194812.0,3,1,0,1,0,0,0,0
0,3.5,18,8,2012.0,0,290,208000.0,2,0,1,1,0,0,0,0
97,4.2,10,18,1976.0,9,93,213600.0,3,0,1,1,0,0,0,0
904,3.6,10,30,2016.0,0,331,186916.0,2,1,0,1,0,0,0,0
945,3.9,0,2,2002.0,0,145,190000.0,2,0,1,0,0,0,1,0
356,4.3,7,41,2013.0,0,110,186923.0,3,0,1,0,0,0,1,0
679,4.3,10,18,1975.0,9,308,195200.0,3,0,1,0,0,0,1,0
770,3.9,5,49,1971.0,0,256,200000.0,2,0,1,0,0,0,1,0
858,4.0,9,70,2019.0,2,376,190000.0,2,0,1,1,0,0,0,0
698,4.6,10,18,1993.0,8,339,184125.0,3,0,1,1,0,0,0,0
34,4.1,10,18,1969.0,9,339,187464.0,3,1,0,1,0,0,0,0
38,3.6,10,48,2014.0,8,331,178156.0,2,1,0,0,0,0,1,0
97,4.2,10,18,1976.0,9,18,188108.0,3,1,0,1,0,0,0,0
117,4.0,10,68,2002.0,0,331,198343.0,2,1,0,1,0,0,0,0
796,3.6,10,45,2017.0,8,150,190000.0,2,0,1,0,0,0,1,0
1145,3.4,21,36,1962.0,9,368,214500.0,2,0,1,0,0,0,1,0
97,4.2,10,18,1976.0,9,93,197700.0,3,0,1,1,0,0,0,0
783,4.1,10,30,2005.0,7,339,180950.0,3,0,1,1,0,0,0,0
168,4.2,13,12,1914.0,8,13,198100.0,3,0,1,1,0,0,0,0
1178,3.9,10,48,2005.0,7,312,191000.0,2,0,1,0,0,0,1,0
261,3.3,10,18,2019.0,0,41,195000.0,2,0,1,1,0,0,0,0
32,4.3,10,18,1982.0,9,332,193050.0,3,0,1,1,0,0,0,0
1082,4.0,10,30,2005.0,0,29,202975.0,2,0,1,0,0,0,1,0
698,4.6,10,18,1993.0,8,339,207125.0,3,0,1,1,0,0,0,0
1080,3.9,10,48,2009.0,9,331,185000.0,2,0,1,1,0,0,0,0
973,4.3,24,77,1986.0,0,221,187500.0,3,0,1,0,0,0,0,1
728,3.5,24,77,1986.0,0,243,182500.0,2,0,1,1,0,0,0,0
934,3.7,10,18,2011.0,0,199,214500.0,2,0,1,1,0,0,0,0
44,5.0,24,77,1986.0,0,356,190000.0,3,0,1,1,0,0,0,0
883,4.3,10,30,1972.0,9,274,186584.0,3,1,0,1,0,0,0,0
963,3.5,5,49,1792.0,9,304,181250.0,2,0,1,0,1,0,0,0
802,3.9,10,48,2010.0,5,331,183906.0,2,1,0,1,0,0,0,0
679,4.3,10,18,1975.0,9,384,195200.0,3,0,1,0,0,0,1,0
497,4.1,10,45,1911.0,9,73,203000.0,3,0,1,1,0,0,0,0
32,4.3,10,18,1982.0,9,332,217550.0,3,0,1,0,0,0,1,0
117,4.0,10,68,2002.0,0,331,179757.0,2,1,0,1,0,0,0,0
476,5.0,24,77,2013.0,0,331,205000.0,3,0,1,1,0,0,0,0
380,4.0,10,18,1956.0,0,384,189000.0,2,0,1,0,0,0,1,0
952,3.9,10,30,2003.0,7,55,218500.0,2,0,1,0,0,0,1,0
276,4.4,9,70,1986.0,0,252,205000.0,3,0,1,0,0,0,1,0
679,4.3,10,18,1975.0,9,308,195200.0,3,0,1,0,0,0,1,0
868,4.0,18,8,1986.0,2,310,192500.0,2,0,1,0,0,0,0,1
626,3.6,10,18,2012.0,0,331,187493.0,2,1,0,0,0,0,1,0
264,3.7,10,48,2012.0,0,312,196563.0,2,0,1,1,0,0,0,0
122,4.3,10,30,1982.0,8,41,210475.0,3,0,1,1,0,0,0,0
679,4.3,10,18,1975.0,9,308,195200.0,3,0,1,0,0,0,1,0
1181,3.8,10,68,2007.0,7,391,195000.0,2,0,1,1,0,0,0,0
167,5.0,18,8,1986.0,0,310,180000.0,3,0,1,0,0,0,0,1
550,4.4,10,68,1983.0,9,243,197768.0,3,1,0,1,0,0,0,0
195,3.1,7,41,1963.0,9,414,185786.0,2,0,1,0,0,0,1,0
679,4.3,10,18,1975.0,9,308,195200.0,3,0,1,1,0,0,0,0
444,2.9,21,23,2013.0,0,384,197550.0,1,0,1,0,0,0,1,0
952,3.9,10,30,2003.0,7,79,189050.0,2,0,1,1,0,0,0,0
928,3.9,10,45,1986.0,0,312,190000.0,2,0,1,0,0,0,1,0
289,4.3,13,64,2007.0,0,267,181394.0,3,1,0,0,0,0,1,0
1204,3.9,10,48,1986.0,0,272,180000.0,2,0,1,1,0,0,0,0
675,3.9,10,48,2004.0,9,368,211000.0,2,0,1,1,0,0,0,0
1145,3.4,21,36,1962.0,9,368,214500.0,2,0,1,0,0,0,1,0
896,3.6,10,18,1938.0,9,18,200841.0,2,0,1,1,0,0,0,0
1112,3.7,5,6,2012.0,0,384,208450.0,2,0,1,1,0,0,0,0
628,4.7,7,41,1988.0,0,344,186150.0,3,0,1,0,0,0,1,0
762,4.0,9,70,2013.0,4,332,180000.0,2,0,1,1,0,0,0,0
39,3.2,10,45,1972.0,6,331,182500.0,2,0,1,1,0,0,0,0
675,3.9,10,48,2004.0,9,308,214004.0,2,0,1,1,0,0,0,0
698,4.6,10,18,1993.0,8,103,207125.0,3,0,1,1,0,0,0,0
97,4.2,10,18,1976.0,9,344,187400.0,3,0,1,1,0,0,0,0
34,4.1,10,18,1969.0,9,332,193244.0,3,1,0,1,0,0,0,0
698,4.6,10,18,1993.0,8,308,184125.0,3,0,1,1,0,0,0,0
97,4.2,10,18,1976.0,9,344,210300.0,3,0,1,1,0,0,0,0
718,2.8,10,48,2015.0,0,243,195000.0,1,0,1,1,0,0,0,0
539,3.9,10,48,2009.0,5,331,183388.0,2,0,1,0,0,0,1,0
481,4.1,10,18,1939.0,0,358,182700.0,3,0,1,1,0,0,0,0
698,4.6,10,18,1993.0,8,339,208000.0,3,0,1,1,0,0,0,0
606,3.8,0,2,1969.0,9,312,202575.0,2,0,1,0,0,0,1,0
97,4.2,10,18,1976.0,9,93,213600.0,3,0,1,1,0,0,0,0
559,4.0,5,6,1799.0,9,274,203625.0,2,0,1,1,0,0,0,0
1187,5.0,24,77,1986.0,0,339,210500.0,3,0,1,1,0,0,0,0
833,3.7,13,12,1990.0,0,73,202500.0,2,0,1,0,0,0,1,0
681,5.0,10,30,2012.0,0,312,185000.0,3,0,1,1,0,0,0,0
783,4.1,10,30,2005.0,7,339,188700.0,3,0,1,1,0,0,0,0
797,4.4,14,21,1971.0,7,398,200900.0,3,0,1,0,0,0,1,0
991,3.7,14,28,2007.0,9,225,216540.0,2,0,1,1,0,0,0,0
566,3.7,10,30,2019.0,0,331,206691.0,2,1,0,0,0,1,0,0
901,4.5,18,8,1997.0,6,56,184500.0,3,0,1,0,0,0,0,1
435,3.9,18,8,1987.0,9,129,189930.0,2,0,1,0,0,0,0,1
97,4.2,10,18,1976.0,9,344,187400.0,3,0,1,1,0,0,0,0
1184,2.4,15,1,2000.0,0,252,195000.0,1,0,1,1,0,0,0,0
1111,3.8,24,77,1986.0,0,384,208450.0,2,0,1,1,0,0,0,0
889,3.8,0,2,1957.0,0,370,186000.0,2,0,1,1,0,0,0,0
870,3.4,10,18,2016.0,5,252,218625.0,2,0,1,1,0,0,0,0
698,4.6,10,18,1993.0,8,339,274750.0,3,0,1,1,0,0,0,0
972,3.9,10,30,2018.0,0,310,272500.0,2,0,1,0,0,0,1,0
141,4.4,13,12,1973.0,8,15,286750.0,3,0,1,0,0,0,1,0
452,4.3,10,48,2009.0,0,384,370000.0,3,0,1,0,0,0,1,0
798,3.5,11,47,2017.0,0,384,275000.0,2,0,1,1,0,0,0,0
1047,3.4,10,48,2016.0,0,332,274500.0,2,0,1,1,0,0,0,0
1047,3.4,10,48,2016.0,0,332,317000.0,2,0,1,1,0,0,0,0
1047,3.4,10,48,2016.0,0,332,274500.0,2,0,1,1,0,0,0,0
1182,3.9,10,18,2014.0,0,129,270000.0,2,0,1,0,0,0,1,0
1037,4.1,11,47,1853.0,9,143,289600.0,3,0,1,0,0,0,1,0
698,4.6,10,18,1993.0,8,339,382000.0,3,0,1,1,0,0,0,0
898,4.1,10,18,1983.0,0,332,270000.0,3,0,1,1,0,0,0,0
832,3.9,5,49,1875.0,9,254,277050.0,2,0,1,0,0,0,1,0
874,3.8,10,48,2004.0,0,335,281850.0,2,0,1,0,0,0,1,0
634,3.4,21,25,1858.0,9,172,444240.0,2,0,1,0,0,0,1,0
935,4.0,10,30,2012.0,7,335,270875.0,2,0,1,0,0,0,1,0
1047,3.4,10,48,2016.0,0,332,317000.0,2,0,1,0,0,0,1,0
418,4.4,1,75,2013.0,4,384,348000.0,3,0,1,1,0,0,0,0
505,4.1,10,18,1968.0,9,339,292380.0,3,0,1,0,0,0,1,0
675,3.9,10,48,2004.0,9,312,283500.0,2,0,1,0,0,0,1,0
1182,3.9,10,18,2014.0,0,129,270000.0,2,0,1,1,0,0,0,0
698,4.6,10,18,1993.0,8,339,280000.0,3,0,1,0,0,1,0,0
919,3.9,10,18,2018.0,0,332,293000.0,2,0,1,1,0,0,0,0
727,3.7,14,33,1963.0,0,101,316993.0,2,0,1,1,0,0,0,0
172,4.4,10,68,2005.0,6,310,275750.0,3,0,1,1,0,0,0,0
698,4.6,10,18,1993.0,8,339,315000.0,3,0,1,0,0,1,0,0
186,3.8,10,48,2012.0,0,332,317000.0,2,0,1,0,0,0,1,0
870,3.4,10,18,2016.0,5,331,297000.0,2,0,1,1,0,0,0,0
935,4.0,10,30,2012.0,7,29,270875.0,2,0,1,1,0,0,0,0
935,4.0,10,30,2012.0,7,29,270875.0,2,0,1,1,0,0,0,0
378,2.2,18,8,1994.0,0,4,334750.0,1,0,1,0,0,0,0,1
1047,3.4,10,48,2016.0,0,332,274500.0,2,0,1,0,0,0,1,0
97,4.2,10,18,1976.0,9,93,281950.0,3,0,1,0,0,0,1,0
1047,3.4,10,48,2016.0,0,332,274500.0,2,0,1,1,0,0,0,0
1182,3.9,10,18,2014.0,0,129,270000.0,2,0,1,1,0,0,0,0
349,3.8,24,77,1986.0,0,332,295194.0,2,0,1,1,0,0,0,0
98,4.1,14,28,1967.0,9,331,294500.0,3,0,1,0,0,0,1,0
340,4.0,10,48,2011.0,5,252,285750.0,2,0,1,0,0,0,1,0
322,4.0,24,77,1986.0,0,252,280000.0,2,0,1,0,0,0,1,0
89,5.0,24,77,1986.0,0,252,362500.0,3,0,1,0,0,0,1,0
1123,3.5,18,8,2008.0,5,330,285000.0,2,0,1,0,0,0,1,0
935,4.0,10,30,2012.0,7,335,270875.0,2,0,1,0,0,0,1,0
97,4.2,10,18,1976.0,9,252,281950.0,3,0,1,0,0,0,1,0
935,4.0,10,30,2012.0,7,29,270875.0,2,0,1,1,0,0,0,0
898,4.1,10,18,1983.0,0,332,270000.0,3,0,1,0,0,0,1,0
420,3.7,21,25,1969.0,9,331,291550.0,2,0,1,1,0,0,0,0
805,4.1,10,30,2012.0,0,331,272520.0,3,0,1,1,0,0,0,0
97,4.2,10,18,1976.0,9,93,281950.0,3,0,1,0,0,0,1,0
635,3.7,10,30,2017.0,0,312,270000.0,2,0,1,1,0,0,0,0
996,3.4,13,66,1986.0,0,268,50000.0,2,0,1,1,0,0,0,0
1167,3.5,24,77,1986.0,0,312,85000.0,2,0,1,1,0,0,0,0
