employer,employer_rating,sector,industry,employer_founded,employer_revenue,location,min_salary,max_salary,rating_range,estimator_0,estimator_1,job_title_category_AI / ML Engineer,job_title_category_Data Analyst,job_title_category_Data Engineer,job_title_category_Data Scientist,job_title_category_Statistician,average_base_salary
605,2.9,4,29,1986.0,0,218,103000.0,151000.0,1,1,0,0,1,0,0,0,124664.0
472,3.9,3,16,1957.0,0,26,61000.0,79000.0,2,0,1,0,0,0,1,0,69890.0
350,3.8,24,77,1986.0,0,333,295000.0,295000.0,2,0,1,1,0,0,0,0,295194.0
24,4.7,10,30,2019.0,0,332,150000.0,250000.0,3,0,1,0,0,0,1,0,200000.0
1081,3.9,10,48,2009.0,9,332,195000.0,195000.0,2,0,1,0,0,0,1,0,195000.0
1130,3.8,22,74,1986.0,7,58,94000.0,158000.0,2,0,1,1,0,0,0,0,125500.0
1081,3.9,10,48,2009.0,9,332,230000.0,230000.0,2,0,1,0,0,0,1,0,230000.0
48,3.6,0,2,2003.0,7,151,89000.0,117000.0,2,1,0,0,0,0,1,0,101701.0
865,4.1,13,64,1963.0,5,253,79000.0,85000.0,3,0,1,0,0,0,1,0,81500.0
320,4.5,10,68,1998.0,3,274,80000.0,100000.0,3,0,1,0,0,0,1,0,90000.0
60,3.8,24,77,1986.0,0,379,95000.0,131000.0,2,1,0,0,0,0,1,0,111510.0
643,4.0,8,44,1927.0,9,33,96000.0,190000.0,2,0,1,0,0,0,1,0,143096.0
532,4.7,24,77,1986.0,0,13,110000.0,130000.0,3,0,1,0,0,0,1,0,120000.0
1038,4.1,11,47,1853.0,9,144,223000.0,357000.0,3,0,1,0,0,0,1,0,289600.0
701,3.9,24,77,1986.0,0,210,92000.0,121000.0,2,0,1,0,0,0,1,0,106799.0
676,3.9,10,48,2004.0,9,309,177000.0,251000.0,2,0,1,1,0,0,0,0,214004.0
70,3.8,10,48,2006.0,9,345,150000.0,150000.0,2,0,1,1,0,0,0,0,149600.0
781,4.3,9,70,1986.0,0,313,140000.0,180000.0,3,0,1,0,0,0,1,0,160000.0
676,3.9,10,48,2004.0,9,313,253000.0,314000.0,2,0,1,0,0,0,1,0,283500.0
1030,4.8,24,77,1986.0,0,329,70000.0,100000.0,3,0,1,1,0,0,0,0,85000.0
559,4.7,24,77,1986.0,0,316,100000.0,138000.0,3,1,0,0,0,0,1,0,117683.0
260,4.7,24,77,1986.0,0,151,70000.0,70000.0,3,0,1,0,0,0,1,0,70000.0
1200,4.0,10,30,2017.0,0,316,160000.0,200000.0,2,0,1,0,0,0,1,0,180000.0
464,3.3,24,77,1986.0,0,73,85000.0,117000.0,2,1,0,0,0,0,1,0,100130.0
821,4.6,3,16,1746.0,0,300,70000.0,90000.0,3,1,0,0,0,0,1,0,79470.0
30,3.0,10,45,2022.0,3,316,82000.0,123000.0,1,1,0,0,0,0,1,0,100654.0
259,3.8,10,45,1994.0,9,68,62000.0,100000.0,2,1,0,1,0,0,0,0,78750.0
1052,3.7,13,12,1988.0,7,313,119000.0,315000.0,2,0,1,0,0,0,1,0,217000.0
43,4.0,18,8,2008.0,3,56,107000.0,151000.0,2,1,0,0,0,0,0,1,127423.0
210,4.0,7,41,2015.0,0,13,79000.0,114000.0,2,1,0,0,1,0,0,0,94769.0
196,3.1,7,41,1963.0,9,144,144000.0,288000.0,2,0,1,1,0,0,0,0,216300.0
1025,3.8,13,12,1984.0,3,322,89000.0,129000.0,2,1,0,0,0,0,1,0,107008.0
1060,3.8,7,41,2017.0,0,332,135000.0,186000.0,2,1,0,0,0,0,1,0,158517.0
135,5.0,13,12,1986.0,0,384,83000.0,127000.0,3,1,0,0,0,0,1,0,102868.0
361,3.2,11,47,1937.0,8,253,63000.0,110000.0,2,0,1,0,0,0,1,0,86500.0
733,4.2,3,16,1898.0,5,296,75000.0,117000.0,3,1,0,0,0,0,1,0,93543.0
1015,4.0,10,45,2006.0,3,313,159360.0,159360.0,2,0,1,0,0,0,1,0,159360.0
72,3.7,10,48,1994.0,9,331,105000.0,105000.0,2,0,1,0,0,0,1,0,105100.0
98,4.2,10,18,1976.0,9,288,139000.0,183000.0,3,1,0,1,0,0,0,0,159526.0
1143,3.7,24,77,1986.0,3,19,84000.0,120000.0,2,1,0,0,0,0,1,0,100407.0
384,4.1,10,48,2013.0,0,109,126000.0,140000.0,3,0,1,0,0,0,1,0,133000.0
259,3.8,10,45,1994.0,9,393,66000.0,98000.0,2,1,0,0,0,0,1,0,80399.0
677,3.7,24,77,1986.0,0,73,83000.0,115000.0,2,1,0,0,1,0,0,0,97718.0
407,3.6,24,77,1986.0,0,313,100000.0,130000.0,2,0,1,0,0,0,1,0,115000.0
19,4.3,16,37,1986.0,4,373,101000.0,142000.0,3,1,0,0,0,0,1,0,119788.0
206,3.7,21,78,1993.0,9,318,109000.0,146000.0,2,1,0,1,0,0,0,0,125747.0
337,4.3,5,0,1972.0,4,128,72000.0,112000.0,3,1,0,0,0,0,1,0,90082.0
715,4.0,6,55,1986.0,0,253,75000.0,85000.0,2,0,1,0,0,0,1,0,80000.0
382,3.7,5,32,1968.0,8,41,97000.0,123000.0,2,1,0,0,0,0,1,0,109136.0
169,4.2,13,12,1914.0,8,33,93000.0,212000.0,3,0,1,0,1,0,0,0,152650.0
833,3.9,5,49,1875.0,9,255,236000.0,319000.0,2,0,1,0,0,0,1,0,277050.0
746,3.8,4,29,1964.0,7,76,75000.0,114000.0,2,1,0,0,0,0,1,0,92620.0
886,4.4,1,24,1986.0,0,313,75000.0,90000.0,3,0,1,0,0,0,1,0,82500.0
699,4.6,10,18,1993.0,8,340,216000.0,414000.0,3,0,1,0,0,1,0,0,315000.0
316,4.0,13,12,1850.0,9,182,68000.0,89000.0,2,1,0,0,0,0,1,0,77791.0
1158,3.5,2,19,2020.0,7,259,79000.0,117000.0,2,1,0,0,0,0,1,0,95676.0
390,3.9,23,73,2000.0,2,290,69000.0,94000.0,2,1,0,0,0,0,1,0,80385.0
433,4.3,3,16,1885.0,7,15,62000.0,84000.0,3,0,1,0,0,0,1,0,72709.0
566,3.6,11,46,2017.0,0,272,71000.0,104000.0,2,1,0,1,0,0,0,0,85551.0
703,4.4,6,56,1958.0,9,278,86000.0,135000.0,3,1,0,1,0,0,0,0,107976.0
1174,3.5,10,48,2004.0,6,18,120000.0,260000.0,2,0,1,0,0,0,1,0,190000.0
848,4.1,10,18,2006.0,0,332,82000.0,154000.0,3,0,1,0,0,0,1,0,117768.0
1023,4.1,24,77,1986.0,0,51,130000.0,180000.0,3,0,1,0,0,0,1,0,155000.0
158,3.3,10,68,2001.0,6,385,113000.0,174000.0,2,0,1,0,0,0,1,0,143350.0
705,4.1,5,6,1999.0,0,331,96000.0,124800.0,3,0,1,0,0,0,1,0,110400.0
523,3.7,24,77,1986.0,0,171,96000.0,115200.0,2,0,1,0,0,0,1,0,105600.0
430,3.9,10,45,1997.0,7,8,92000.0,125000.0,2,1,0,0,0,0,1,0,107096.0
169,4.2,13,12,1914.0,8,109,52000.0,119000.0,3,0,1,1,0,0,0,0,85550.0
1166,4.1,24,77,1986.0,7,395,78000.0,117000.0,3,1,0,0,0,0,0,1,95843.0
699,4.6,10,18,1993.0,8,340,176000.0,334000.0,3,0,1,0,0,1,0,0,254750.0
808,3.7,10,68,2004.0,0,233,61000.0,98000.0,2,1,0,0,1,0,0,0,77115.0
89,3.7,24,77,1986.0,0,313,100000.0,125000.0,2,0,1,0,1,0,0,0,112500.0
35,4.1,10,18,1969.0,9,18,93000.0,132000.0,3,1,0,0,0,1,0,0,110760.0
34,3.2,3,16,1931.0,0,80,60000.0,108000.0,2,0,1,0,1,0,0,0,84129.0
415,4.1,18,8,1830.0,9,104,133000.0,166000.0,3,1,0,0,0,0,1,0,148644.0
456,4.1,11,47,1914.0,5,210,79000.0,146000.0,3,0,1,0,0,0,1,0,112100.0
680,4.3,10,18,1975.0,9,309,134000.0,257000.0,3,0,1,1,0,0,0,0,195200.0
991,4.1,24,77,1986.0,0,73,120000.0,140000.0,3,0,1,0,0,0,1,0,130000.0
72,3.7,10,48,1994.0,9,29,136000.0,136000.0,2,0,1,0,0,0,1,0,136000.0
98,4.2,10,18,1976.0,9,93,107174.4,161452.80000000002,3,0,1,1,0,0,0,0,134304.0
551,4.4,10,68,1983.0,9,331,141000.0,180000.0,3,1,0,0,0,0,1,0,159240.0
380,3.4,5,6,1986.0,3,316,94000.0,135000.0,2,1,0,0,0,0,1,0,113048.0
970,4.2,24,77,1986.0,0,154,73000.0,127000.0,3,0,1,0,0,0,1,0,100000.0
501,3.1,10,48,2010.0,0,218,140000.0,198000.0,2,0,1,0,0,0,1,0,169000.0
1,5.0,10,18,1994.0,2,10,71000.0,106000.0,3,1,0,0,0,0,1,0,86860.0
792,3.5,10,30,1998.0,7,269,90000.0,128000.0,2,1,0,0,0,0,1,0,107099.0
550,4.7,10,68,2007.0,3,316,77000.0,115000.0,3,1,0,0,0,0,1,0,94075.0
506,4.1,10,18,1968.0,9,153,145000.0,217000.0,3,0,1,0,0,0,1,0,180906.0
1055,4.9,10,45,2021.0,2,313,90000.0,90000.0,3,0,1,1,0,0,0,0,90000.0
882,4.2,4,54,1986.0,0,361,75000.0,112000.0,3,1,0,0,0,0,1,0,91548.0
994,3.5,6,71,1835.0,0,18,100000.0,135000.0,2,0,1,0,0,0,1,0,117251.0
913,5.0,10,45,1986.0,0,313,180000.0,210000.0,3,0,1,0,0,0,1,0,195000.0
154,3.3,24,77,1986.0,0,73,86000.0,124000.0,2,1,0,0,0,0,1,0,103389.0
1192,3.9,7,41,2010.0,0,369,100000.0,140000.0,2,0,1,0,1,0,0,0,120000.0
1082,3.9,3,27,2010.0,0,332,144000.0,198000.0,2,0,1,0,0,0,1,0,171000.0
41,5.0,24,77,1986.0,0,313,105600.0,115200.0,3,0,1,0,1,0,0,0,110400.0
439,5.0,24,77,1986.0,0,185,85000.0,124000.0,3,1,0,0,0,0,1,0,102971.0
626,4.8,5,0,1986.0,2,206,75000.0,116000.0,3,1,0,0,0,0,1,0,92958.0
154,4.1,24,77,1986.0,0,73,86000.0,124000.0,3,1,0,0,0,0,1,0,103389.0
98,4.2,10,18,1976.0,9,93,139000.0,257000.0,3,0,1,1,0,0,0,0,197700.0
1128,3.2,15,1,1999.0,0,166,75000.0,100000.0,2,0,1,0,1,0,0,0,87500.0
674,3.6,10,30,2015.0,0,73,87000.0,119000.0,2,1,0,0,0,0,1,0,101671.0
521,3.6,10,18,1986.0,0,125,88000.0,133000.0,2,1,0,0,0,0,1,0,108270.0
936,4.0,10,30,2012.0,7,29,214000.0,328000.0,2,0,1,1,0,0,0,0,270875.0
616,4.3,0,2,2004.0,5,22,82000.0,117000.0,3,1,0,0,0,0,1,0,97703.0
631,4.4,3,16,1861.0,7,56,110000.0,125000.0,3,0,1,0,0,0,1,0,117500.0
679,3.7,10,18,1978.0,9,166,205000.0,375000.0,2,0,1,0,0,0,1,0,290000.0
1048,3.4,10,48,2016.0,0,333,144000.0,240000.0,2,0,1,0,0,0,1,0,192000.0
922,4.2,12,50,1866.0,7,73,125000.0,174000.0,3,1,0,0,0,0,1,0,147171.0
856,4.0,24,77,1986.0,0,391,98000.0,135000.0,2,0,1,0,0,0,1,0,116500.0
1090,4.1,3,16,1885.0,7,382,76000.0,98000.0,3,0,1,0,1,0,0,0,86871.0
1108,3.5,24,77,1986.0,0,278,75000.0,100000.0,2,0,1,0,0,0,1,0,87500.0
1196,4.2,24,77,1986.0,1,313,154000.0,163000.0,3,0,1,0,0,0,1,0,158546.0
228,3.3,18,8,1947.0,7,254,50000.0,50000.0,2,0,1,0,1,0,0,0,50000.0
98,4.2,10,18,1976.0,9,18,122000.0,170000.0,3,1,0,0,0,0,1,0,144128.0
266,4.2,3,16,1877.0,6,121,73000.0,80000.0,3,0,1,0,0,0,1,0,76500.0
985,3.8,6,56,2016.0,0,193,72000.0,111000.0,2,1,0,0,0,0,1,0,89179.0
1187,3.6,24,77,1986.0,0,274,75000.0,109000.0,2,0,1,1,0,0,0,0,92043.0
622,4.2,13,12,1961.0,5,395,97000.0,143000.0,3,1,0,0,0,0,1,0,117278.0
1185,2.4,15,1,2000.0,0,253,170000.0,220000.0,1,0,1,1,0,0,0,0,195000.0
344,4.3,13,12,1972.0,5,159,53000.0,73000.0,3,1,0,0,0,0,1,0,62609.0
598,5.0,24,77,1986.0,0,313,144000.0,153600.0,3,0,1,0,0,0,1,0,148800.0
170,4.2,13,12,1914.0,8,385,73000.0,166000.0,3,0,1,0,0,0,1,0,119500.0
1094,4.1,3,16,1965.0,5,237,72000.0,72000.0,3,0,1,0,0,0,1,0,71500.0
446,3.8,24,77,1986.0,0,333,67200.0,86400.0,2,0,1,0,0,0,1,0,76800.0
727,3.4,4,29,1987.0,7,82,91000.0,137000.0,2,0,1,0,0,0,1,0,113800.0
355,4.9,10,45,1986.0,3,361,101000.0,141000.0,3,1,0,0,0,0,1,0,119272.0
1070,4.2,23,73,2003.0,2,329,73000.0,134000.0,3,0,1,0,0,0,0,1,103494.0
961,4.3,3,16,1891.0,9,363,72000.0,126000.0,3,0,1,0,0,0,1,0,99000.0
238,3.5,7,41,1970.0,6,254,107000.0,145000.0,2,1,0,0,0,0,1,0,124541.0
506,4.1,10,18,1968.0,9,153,187000.0,280000.0,3,0,1,0,0,0,1,0,233162.0
262,3.3,10,18,2019.0,0,41,195000.0,195000.0,2,0,1,1,0,0,0,0,195000.0
261,4.5,15,1,1986.0,0,246,44000.0,75000.0,3,1,0,0,0,0,1,0,57601.0
890,3.8,0,2,1957.0,0,371,165000.0,207000.0,2,0,1,1,0,0,0,0,186000.0
470,3.0,4,29,1999.0,7,61,68000.0,104000.0,1,1,0,0,1,0,0,0,84339.0
665,3.4,18,8,1992.0,7,74,125000.0,196000.0,2,1,0,0,0,0,1,0,156384.0
332,3.5,24,77,1986.0,0,8,100000.0,100000.0,2,0,1,0,0,0,1,0,100000.0
714,3.0,7,41,1964.0,5,253,125000.0,125000.0,1,0,1,0,0,0,1,0,125000.0
941,3.1,9,39,1998.0,5,290,96000.0,133000.0,2,1,0,0,0,0,1,0,113304.0
1046,3.2,6,56,2002.0,0,395,67000.0,95000.0,2,1,0,0,0,0,0,1,80002.0
560,4.0,5,6,1799.0,9,171,176000.0,260000.0,2,0,1,1,0,0,0,0,217875.0
1134,4.3,10,30,2013.0,0,413,69000.0,103000.0,3,1,0,0,0,0,1,0,84210.0
130,3.7,24,77,1986.0,0,78,66000.0,94000.0,2,1,0,0,0,0,1,0,78862.0
195,4.7,24,77,1986.0,0,125,88000.0,123000.0,3,1,0,0,0,0,1,0,104115.0
1147,3.6,15,31,2003.0,9,92,120000.0,222000.0,2,0,1,0,0,0,1,0,171000.0
757,4.2,13,64,1986.0,0,332,245000.0,310000.0,3,0,1,0,0,0,1,0,277500.0
690,3.5,7,41,2013.0,7,253,79000.0,118000.0,2,0,1,0,0,0,1,0,98605.0
717,4.2,6,71,1986.0,1,253,83000.0,83000.0,3,0,1,0,0,0,1,0,83478.0
505,4.2,10,45,1998.0,3,140,120960.0,128640.0,3,0,1,0,0,0,1,0,124800.0
1021,3.5,6,71,1957.0,0,18,100000.0,135000.0,2,0,1,0,0,0,1,0,117251.0
168,5.0,18,8,1986.0,0,311,160000.0,200000.0,3,0,1,0,0,0,0,1,180000.0
1179,3.9,10,48,2005.0,7,313,156000.0,250000.0,2,0,1,0,0,0,1,0,203000.0
231,2.8,14,21,2009.0,0,202,110000.0,118000.0,1,0,1,0,0,0,1,0,113750.0
183,3.9,21,81,1998.0,0,385,97000.0,162000.0,2,0,1,0,1,0,0,0,129700.0
345,4.0,13,12,1973.0,5,325,73000.0,104000.0,2,1,0,0,0,0,1,0,87616.0
253,4.7,10,30,1998.0,0,29,84000.0,120000.0,3,0,1,0,0,0,1,0,102000.0
202,4.8,10,68,2006.0,4,364,64000.0,101000.0,3,1,0,0,0,0,1,0,80231.0
443,3.6,22,13,2003.0,4,88,83000.0,112000.0,2,1,0,0,0,0,1,0,96459.0
899,4.1,10,18,1983.0,0,333,208000.0,332000.0,3,0,1,1,0,0,0,0,270000.0
99,4.1,14,28,1967.0,9,340,120000.0,165000.0,3,0,1,0,0,0,1,0,142500.0
98,4.2,10,18,1976.0,9,93,139000.0,257000.0,3,0,1,1,0,0,0,0,197700.0
936,4.0,10,30,2012.0,7,29,214000.0,328000.0,2,0,1,1,0,0,0,0,270875.0
1009,4.0,24,77,1986.0,0,322,113000.0,143000.0,2,0,1,0,0,0,1,0,128000.0
599,3.6,18,8,2008.0,5,24,59000.0,80000.0,2,1,0,0,0,1,0,0,68439.0
211,2.6,16,37,2021.0,0,67,73000.0,116000.0,1,1,0,0,0,0,1,0,92010.0
939,4.7,24,77,1986.0,0,331,98000.0,144000.0,3,0,1,0,0,0,1,0,120750.0
1162,4.6,24,77,1986.0,0,64,58000.0,93000.0,3,1,0,0,0,0,1,0,73770.0
230,3.2,7,41,1986.0,0,253,144000.0,198000.0,2,0,1,0,0,0,1,0,171000.0
498,4.1,10,45,1911.0,9,253,156000.0,234000.0,3,0,1,0,0,0,1,0,195000.0
369,5.0,24,77,1986.0,0,260,94000.0,130000.0,3,1,0,0,0,0,1,0,110340.0
33,4.3,10,18,1982.0,9,333,135000.0,251000.0,3,0,1,1,0,0,0,0,193050.0
773,3.3,16,15,1916.0,0,83,120000.0,130000.0,2,0,1,0,0,0,1,0,125000.0
1048,3.4,10,48,2016.0,0,333,224000.0,410000.0,2,0,1,1,0,0,0,0,317000.0
595,4.1,24,77,1986.0,0,171,125000.0,135000.0,3,0,1,0,0,0,1,0,130000.0
1101,4.2,3,16,1851.0,0,231,70000.0,78000.0,3,0,1,1,0,0,0,0,74000.0
928,3.8,14,33,1949.0,7,352,71000.0,106000.0,2,1,0,0,1,0,0,0,86750.0
699,4.6,10,18,1993.0,8,340,144000.0,270000.0,3,0,1,1,0,0,0,0,207125.0
627,3.6,10,18,2012.0,0,332,166000.0,211000.0,2,1,0,0,0,0,1,0,187493.0
169,4.2,13,12,1914.0,8,395,153000.0,285000.0,3,0,1,1,0,0,0,0,219200.0
929,3.9,10,45,1986.0,0,313,170000.0,210000.0,2,0,1,0,0,0,1,0,190000.0
13,3.6,24,77,1986.0,0,313,134400.0,153600.0,2,0,1,0,0,0,1,0,144000.0
937,3.0,24,77,1986.0,0,290,99000.0,126000.0,1,1,0,0,0,0,1,0,111388.0
798,4.4,14,21,1971.0,7,399,161000.0,241000.0,3,0,1,0,0,0,1,0,200900.0
218,2.6,24,77,1986.0,0,13,89000.0,135000.0,1,1,0,0,0,0,1,0,109582.0
148,3.7,3,16,1900.0,7,158,67000.0,101000.0,2,1,0,0,0,0,1,0,82146.0
934,4.0,13,12,2001.0,7,18,107000.0,142000.0,2,1,0,0,0,1,0,0,122958.0
1007,4.5,10,45,1995.0,5,66,87000.0,138000.0,3,1,0,0,0,0,1,0,109591.0
421,3.7,21,25,1969.0,9,332,246000.0,338000.0,2,0,1,1,0,0,0,0,291550.0
1069,3.1,6,56,1986.0,0,395,118000.0,153000.0,2,0,1,0,0,0,1,0,135658.0
699,4.6,10,18,1993.0,8,340,304000.0,460000.0,3,0,1,1,0,0,0,0,382000.0
703,4.4,6,56,1958.0,9,138,94000.0,157000.0,3,1,0,0,0,0,1,0,121436.0
817,3.3,14,51,1987.0,7,387,81000.0,119000.0,2,1,0,0,0,0,1,0,97873.0
356,4.1,15,1,2006.0,4,253,75000.0,75000.0,3,0,1,0,0,0,1,0,75000.0
792,3.5,10,30,1998.0,7,269,90000.0,127000.0,2,1,0,0,0,0,1,0,106868.0
316,4.0,13,12,1850.0,9,285,79000.0,111000.0,2,1,0,0,0,0,1,0,94108.0
504,4.2,10,45,1998.0,3,140,120960.0,128640.0,3,0,1,0,0,0,1,0,124800.0
196,3.1,7,41,1963.0,9,397,107000.0,206000.0,2,0,1,0,0,0,1,0,156303.0
495,4.6,24,77,1986.0,0,313,100000.0,150000.0,3,0,1,0,0,0,1,0,125000.0
930,4.7,10,18,2014.0,0,336,170000.0,215000.0,3,0,1,1,0,0,0,0,192500.0
1018,3.1,15,1,2001.0,5,371,107000.0,162000.0,2,0,1,0,0,0,1,0,134500.0
1057,4.1,10,30,2014.0,0,200,70000.0,85000.0,3,0,1,0,0,0,1,0,77500.0
98,4.2,10,18,1976.0,9,93,139000.0,257000.0,3,0,1,1,0,0,0,0,197700.0
603,3.88634903640257,24,77,1986.0,0,49,120000.0,163000.0,2,1,0,0,0,0,1,0,140107.0
1044,3.6,18,8,1902.0,9,58,62000.0,100000.0,2,1,0,1,0,0,0,0,78831.0
1140,3.7,5,49,1983.0,7,313,113000.0,150000.0,2,0,1,0,0,0,1,0,131500.0
1104,4.3,3,16,1883.0,7,18,70000.0,70000.0,3,0,1,0,0,0,1,0,70000.0
15,3.1,10,30,2018.0,0,385,175000.0,230000.0,2,0,1,1,0,0,0,0,202500.0
696,4.2,10,30,1986.0,2,15,91000.0,126000.0,3,1,0,0,0,0,1,0,107540.0
1052,3.7,13,12,1988.0,7,313,76000.0,182000.0,2,0,1,0,0,0,1,0,129200.0
811,3.3,11,47,2021.0,0,57,80000.0,105000.0,2,1,0,0,1,0,0,0,91662.0
365,3.9,5,6,2004.0,7,73,94000.0,139000.0,2,1,0,0,0,0,1,0,114200.0
482,4.1,10,18,1939.0,0,18,73000.0,113000.0,3,1,0,1,0,0,0,0,90946.0
1132,3.9,24,77,1986.0,0,385,110000.0,135000.0,2,0,1,0,0,0,1,0,122500.0
83,3.6,10,45,2009.0,3,385,115000.0,124000.0,2,0,1,0,0,0,1,0,119500.0
797,3.6,10,45,2017.0,8,0,86000.0,138000.0,2,0,1,0,0,0,1,0,112000.0
1106,4.2,3,16,1861.0,7,345,100000.0,135000.0,3,0,1,0,0,0,1,0,117251.0
673,4.1,18,8,1908.0,0,307,85000.0,121000.0,3,1,0,0,1,0,0,0,101602.0
639,4.3,0,2,1968.0,7,99,108000.0,180000.0,3,0,1,0,0,0,1,0,144250.0
755,5.0,10,45,1986.0,0,372,91000.0,132000.0,3,1,0,0,0,0,1,0,109592.0
286,3.7,10,45,1979.0,6,313,93000.0,109000.0,2,0,1,0,0,0,1,0,101000.0
915,4.4,10,30,2004.0,7,253,159000.0,278000.0,3,0,1,0,0,1,0,0,218000.0
564,3.6,7,41,1824.0,7,285,63000.0,92000.0,2,1,0,0,0,0,0,1,76045.0
778,4.0,4,29,1903.0,8,152,75000.0,119000.0,2,0,1,0,0,0,1,0,96850.0
999,3.8,16,15,1986.0,0,385,85000.0,95000.0,2,0,1,0,0,0,1,0,90000.0
164,4.3,13,12,2013.0,0,313,105000.0,120000.0,3,0,1,0,0,0,1,0,112500.0
536,4.1,10,30,2015.0,0,253,185000.0,220000.0,3,0,1,0,0,0,1,0,202500.0
498,4.1,10,45,1911.0,9,66,156000.0,234000.0,3,0,1,0,0,0,1,0,195000.0
68,3.7,10,48,1994.0,9,253,123000.0,123000.0,2,0,1,0,0,0,1,0,122900.0
955,4.0,15,61,2015.0,0,200,65000.0,94000.0,2,0,1,0,0,0,1,0,79050.0
1016,4.0,10,48,1998.0,0,275,72000.0,144000.0,2,0,1,0,0,0,1,0,108230.0
391,3.9,6,56,1908.0,0,75,75000.0,117000.0,2,1,0,0,0,0,1,0,93234.0
538,3.3,10,45,2014.0,0,313,75000.0,120000.0,2,0,1,0,0,0,1,0,97500.0
869,4.0,18,8,1986.0,2,311,175000.0,210000.0,2,0,1,0,0,0,0,1,192500.0
573,4.2,18,8,1887.0,9,308,95000.0,95000.0,3,0,1,0,0,0,1,0,95000.0
434,4.3,3,16,1885.0,7,15,46000.0,74000.0,3,1,0,1,0,0,0,0,58747.0
264,3.4,14,28,1947.0,5,299,81000.0,118000.0,2,1,0,0,0,0,1,0,97442.0
699,4.6,10,18,1993.0,8,340,144000.0,270000.0,3,0,1,1,0,0,0,0,207125.0
711,4.2,10,48,1997.0,8,201,156000.0,231000.0,3,1,0,0,0,0,1,0,190060.0
562,3.9,12,50,1958.0,5,158,80000.0,116000.0,2,1,0,0,0,0,1,0,96696.0
169,4.2,13,12,1914.0,8,260,45000.0,93000.0,3,0,1,0,0,1,0,0,69150.0
1205,3.9,10,48,1986.0,0,273,160000.0,200000.0,2,0,1,1,0,0,0,0,180000.0
539,3.6,24,77,1986.0,0,385,75000.0,120000.0,2,0,1,0,0,0,1,0,97500.0
296,3.6,7,41,1964.0,5,89,73000.0,104000.0,2,1,0,0,1,0,0,0,87339.0
1048,3.4,10,48,2016.0,0,333,145000.0,238000.0,2,0,1,1,0,0,0,0,191250.0
925,3.5,21,57,1910.0,8,85,99000.0,150000.0,2,1,0,0,0,0,1,0,121981.0
98,4.2,10,18,1976.0,9,93,200000.0,300000.0,3,0,1,0,0,0,1,0,250000.0
535,3.4,20,65,2018.0,0,15,88000.0,121000.0,2,1,0,0,0,0,1,0,102819.0
855,4.1,11,47,1977.0,7,253,79000.0,112000.0,3,0,1,0,0,0,1,0,95550.0
615,4.1,18,8,1876.0,9,165,103000.0,128000.0,3,1,0,0,0,0,1,0,114959.0
169,4.2,13,12,1914.0,8,385,93000.0,212000.0,3,0,1,0,0,0,1,0,152650.0
901,3.7,4,29,1934.0,7,235,82000.0,118000.0,2,1,0,0,0,0,1,0,98749.0
1136,3.1,7,41,2001.0,7,346,79000.0,107000.0,2,1,0,0,0,0,1,0,92025.0
95,3.7,14,21,2010.0,3,147,110000.0,132000.0,2,0,1,0,0,0,1,0,121000.0
35,4.1,10,18,1969.0,9,340,152000.0,231000.0,3,1,0,1,0,0,0,0,187464.0
836,4.0,5,49,1937.0,5,41,97000.0,122000.0,2,1,0,0,0,0,1,0,108677.0
1138,3.8,5,49,2013.0,8,144,69000.0,96000.0,2,1,0,0,1,0,0,0,81707.0
70,3.8,10,48,2006.0,9,99,115000.0,115000.0,2,0,1,0,0,0,1,0,115000.0
1155,3.6,10,18,1970.0,9,229,139000.0,172000.0,2,1,0,0,0,0,1,0,154642.0
1053,4.7,24,77,1986.0,0,316,100000.0,250000.0,3,0,1,0,0,0,1,0,175000.0
426,3.9,10,45,1996.0,9,164,156000.0,234000.0,2,0,1,0,0,0,1,0,195000.0
664,3.7,7,41,1833.0,9,167,106000.0,177000.0,2,0,1,0,0,0,1,0,141900.0
512,4.2,24,77,1986.0,0,160,100000.0,125000.0,3,0,1,0,0,0,1,0,112500.0
324,3.4,10,18,1998.0,7,18,79000.0,114000.0,2,1,0,0,1,0,0,0,95019.0
950,3.9,24,77,1986.0,0,18,70000.0,120000.0,2,0,1,0,0,0,1,0,95000.0
573,4.2,18,8,1887.0,9,209,68000.0,102000.0,3,1,0,0,0,0,1,0,83379.0
728,3.7,14,33,1963.0,0,101,254000.0,380000.0,2,0,1,1,0,0,0,0,316993.0
560,4.0,5,6,1799.0,9,290,95000.0,145000.0,2,1,0,0,0,0,1,0,117224.0
72,3.7,10,48,1994.0,9,29,167000.0,167000.0,2,0,1,0,0,0,1,0,166700.0
169,4.2,13,12,1914.0,8,260,73000.0,166000.0,3,0,1,0,0,0,1,0,119500.0
148,3.7,3,16,1900.0,7,158,78000.0,106000.0,2,1,0,0,0,0,1,0,91234.0
169,4.2,13,12,1914.0,8,395,73000.0,166000.0,3,0,1,0,0,1,0,0,119550.0
709,3.8,7,41,1892.0,7,82,76000.0,111000.0,2,1,0,0,0,0,1,0,91575.0
99,4.1,14,28,1967.0,9,332,248000.0,341000.0,3,0,1,0,0,0,1,0,294500.0
467,4.8,10,45,2013.0,0,245,65000.0,101000.0,3,1,0,1,0,0,0,0,81124.0
216,3.6,5,49,2012.0,0,332,157000.0,197000.0,2,1,0,0,0,0,1,0,176035.0
796,3.5,10,30,2010.0,3,122,90000.0,126000.0,2,1,0,0,0,0,1,0,106121.0
98,4.2,10,18,1976.0,9,345,132000.0,243000.0,3,0,1,0,0,0,1,0,187400.0
20,3.6,10,18,1989.0,9,373,96000.0,144000.0,2,1,0,0,0,0,1,0,117379.0
611,3.8,10,68,1973.0,7,307,51000.0,87000.0,2,1,0,0,0,0,1,0,66844.0
428,3.9,14,76,1908.0,9,393,116000.0,182000.0,2,0,1,0,0,0,1,0,148850.0
1031,3.7,13,12,2002.0,3,16,81000.0,134000.0,2,1,0,0,0,0,1,0,104134.0
30,4.7,10,45,2022.0,3,316,82000.0,123000.0,3,1,0,0,0,0,1,0,100654.0
131,3.6,13,64,2002.0,5,322,98000.0,135000.0,2,1,0,0,0,0,1,0,114975.0
738,2.0,24,77,1986.0,0,257,120000.0,120000.0,0,0,1,0,0,0,1,0,120000.0
251,4.8,13,64,2013.0,0,17,95000.0,125000.0,3,1,0,0,0,0,1,0,109294.0
870,3.1,13,12,2016.0,0,13,78000.0,132000.0,2,1,0,0,0,0,1,0,101287.0
49,4.7,24,77,1986.0,0,10,165000.0,165000.0,3,0,1,0,0,0,1,0,165000.0
46,4.3,10,48,2008.0,0,332,185000.0,221000.0,3,0,1,0,0,0,1,0,203000.0
669,4.1,24,77,1986.0,2,395,103000.0,141000.0,3,1,0,0,0,0,1,0,120394.0
422,4.1,13,12,1979.0,7,167,82000.0,106000.0,3,0,1,0,1,0,0,0,94130.0
1111,3.5,4,29,1986.0,0,385,115000.0,145000.0,2,0,1,0,0,0,1,0,130000.0
196,3.1,7,41,1963.0,9,397,136000.0,268000.0,2,0,1,0,0,0,1,0,202009.0
180,3.9,14,21,1845.0,7,223,77000.0,106000.0,2,1,0,0,0,0,1,0,90567.0
732,4.0,24,77,1986.0,0,357,130000.0,180000.0,2,0,1,0,0,0,1,0,155000.0
98,4.2,10,18,1976.0,9,93,171000.0,257000.0,3,0,1,1,0,0,0,0,213600.0
357,4.3,7,41,2013.0,0,111,187000.0,187000.0,3,0,1,0,0,0,1,0,186923.0
170,4.2,13,12,1914.0,8,260,73000.0,166000.0,3,0,1,0,0,0,1,0,119500.0
690,3.5,7,41,2013.0,7,253,66000.0,99000.0,2,0,1,0,0,0,1,0,82356.0
572,4.0,3,16,1876.0,7,19,53000.0,94000.0,2,0,1,0,0,0,1,0,73400.0
560,4.0,5,6,1799.0,9,408,96000.0,137000.0,2,1,0,0,0,0,1,0,114298.0
386,4.4,21,81,2017.0,0,313,156000.0,215000.0,3,0,1,0,0,0,1,0,185250.0
518,2.9,14,40,2016.0,0,313,118000.0,144000.0,1,0,1,0,1,0,0,0,130950.0
502,4.0,16,37,1963.0,5,287,80000.0,120000.0,2,1,0,0,0,0,1,0,98128.0
869,4.0,18,8,1986.0,2,311,175000.0,210000.0,2,0,1,0,0,0,0,1,192500.0
1172,4.2,3,16,1701.0,7,250,71000.0,107000.0,3,1,0,0,0,0,0,1,87098.0
290,4.3,13,64,2007.0,0,268,157000.0,210000.0,3,1,0,0,0,0,1,0,181394.0
762,4.1,10,45,2006.0,3,27,134400.0,153600.0,3,0,1,0,0,0,1,0,144000.0
162,4.3,0,2,2019.0,0,10,96000.0,136000.0,3,1,0,0,0,0,1,0,114433.0
691,3.9,10,68,2010.0,5,313,190000.0,215000.0,2,0,1,0,0,0,1,0,202500.0
1125,3.8,22,74,2000.0,9,20,76000.0,111000.0,2,1,0,0,0,1,0,0,91958.0
306,4.0,18,8,1899.0,8,20,132000.0,179000.0,2,1,0,0,0,0,0,1,153939.0
419,4.4,1,75,2013.0,4,313,150000.0,205000.0,3,0,1,0,0,0,1,0,177500.0
680,4.3,10,18,1975.0,9,309,159000.0,277000.0,3,0,1,1,0,0,0,0,217550.0
963,3.3,11,47,1919.0,7,15,80000.0,109000.0,2,1,0,1,0,0,0,0,93332.0
799,3.5,11,47,2017.0,0,385,230000.0,320000.0,2,0,1,1,0,0,0,0,275000.0
272,3.4,18,8,2018.0,0,56,79000.0,109000.0,2,1,0,0,0,0,0,1,92883.0
1078,2.6,15,61,1933.0,5,395,101000.0,145000.0,1,1,0,0,0,0,1,0,121010.0
624,3.5,21,42,1921.0,9,68,75000.0,143000.0,2,0,1,0,0,0,1,0,109200.0
322,3.3,10,30,1986.0,3,125,90000.0,126000.0,2,1,0,0,0,0,1,0,106463.0
1098,4.0,3,16,1865.0,7,191,51000.0,85000.0,2,0,1,0,0,0,1,0,68221.0
85,3.5,10,48,1995.0,7,332,143000.0,228000.0,2,1,0,0,0,0,1,0,180458.0
298,1.0,24,77,1986.0,0,125,102000.0,146000.0,0,1,0,0,0,0,1,0,122103.0
497,4.0,10,48,2017.0,0,104,93000.0,134000.0,2,1,0,0,0,0,1,0,111705.0
1116,2.8,9,39,2016.0,0,378,87000.0,143000.0,1,1,0,0,0,0,1,0,111635.0
724,4.5,24,77,1986.0,0,332,172800.0,202809.6,3,0,1,0,0,0,1,0,187795.2
659,3.8,7,41,1986.0,9,286,102000.0,126000.0,2,1,0,1,0,0,0,0,113308.0
679,3.7,10,18,1978.0,9,333,184000.0,314000.0,2,0,1,1,0,0,0,0,249000.0
1100,4.3,3,16,1817.0,8,9,66000.0,94000.0,3,1,0,1,0,0,0,0,78957.0
857,3.6,10,18,1993.0,0,18,105000.0,148000.0,2,1,0,0,0,0,1,0,124821.0
636,3.7,10,30,2017.0,0,313,240000.0,300000.0,2,0,1,1,0,0,0,0,270000.0
1195,4.6,24,77,1986.0,0,171,96000.0,115200.0,3,0,1,0,0,1,0,0,105600.0
395,3.7,5,6,1864.0,7,35,52000.0,72000.0,2,1,0,0,0,0,1,0,61641.0
80,4.2,18,8,1980.0,9,395,160000.0,193000.0,3,0,1,0,0,0,1,0,176501.0
953,3.9,10,30,2003.0,7,313,163000.0,224000.0,2,0,1,0,0,0,1,0,193040.0
837,3.9,10,18,1986.0,3,395,99000.0,143000.0,2,1,0,0,0,0,1,0,119132.0
1092,4.3,3,16,1925.0,3,19,72000.0,114000.0,3,1,0,0,0,0,1,0,90697.0
676,3.9,10,48,2004.0,9,178,160000.0,231000.0,2,0,1,0,0,1,0,0,195500.0
972,4.0,14,40,1941.0,9,295,127000.0,280000.0,2,0,1,0,0,0,1,0,203000.0
849,4.7,10,30,2014.0,2,395,67000.0,110000.0,3,1,0,0,0,0,1,0,85689.0
1146,3.4,21,36,1962.0,9,369,143000.0,286000.0,2,0,1,1,0,0,0,0,214500.0
118,4.0,10,68,2002.0,0,332,171000.0,230000.0,2,1,0,1,0,0,0,0,198343.0
821,4.6,3,16,1746.0,0,300,100000.0,137000.0,3,1,0,0,0,0,1,0,116699.0
201,3.0,14,51,1999.0,5,28,72000.0,103000.0,1,1,0,0,0,1,0,0,85819.0
654,3.5,10,48,2015.0,7,332,185000.0,220000.0,2,0,1,0,0,0,1,0,202500.0
98,4.2,10,18,1976.0,9,93,200000.0,364000.0,3,0,1,0,0,0,1,0,281950.0
1069,3.1,6,56,1986.0,0,395,56000.0,89000.0,2,0,1,0,0,0,1,0,72425.0
680,4.3,10,18,1975.0,9,385,134000.0,257000.0,3,0,1,0,0,0,1,0,195200.0
434,4.3,3,16,1885.0,7,15,64000.0,92000.0,3,1,0,1,0,0,0,0,76533.0
814,3.2,10,30,2013.0,4,345,86000.0,127000.0,2,0,1,0,0,0,1,0,106400.0
1118,3.7,5,49,1975.0,0,209,107000.0,143000.0,2,1,0,0,0,0,1,0,123707.0
104,4.1,24,77,1986.0,0,395,50000.0,77000.0,3,1,0,0,0,0,0,1,62002.0
679,3.7,10,18,1978.0,9,40,83000.0,126000.0,2,1,0,0,0,1,0,0,102235.0
143,4.2,24,77,1986.0,0,212,62000.0,62000.0,3,0,1,0,1,0,0,0,62000.0
697,4.7,24,77,1986.0,0,395,153600.0,153600.0,3,0,1,0,0,0,1,0,153600.0
5,3.9,18,8,2013.0,9,166,142000.0,197000.0,2,1,0,0,0,0,0,1,166907.0
537,3.6,24,77,1986.0,0,313,115200.0,124800.0,2,0,1,0,0,0,1,0,120000.0
843,4.0,10,18,1985.0,9,331,149000.0,223000.0,2,0,1,0,1,0,0,0,185500.0
212,4.0,21,20,1889.0,0,97,98000.0,129000.0,2,1,0,0,0,0,1,0,112454.0
1039,4.2,3,16,1890.0,7,73,92000.0,129000.0,3,1,0,0,0,0,1,0,108786.0
667,4.1,18,8,1891.0,9,306,101000.0,159000.0,3,0,1,0,0,0,1,0,130100.0
358,4.4,13,12,1995.0,3,13,138000.0,177000.0,3,1,0,0,0,0,1,0,156161.0
131,3.6,13,64,2002.0,5,322,89000.0,127000.0,2,1,0,0,0,0,1,0,106164.0
820,4.1,10,45,1986.0,0,313,192000.0,230400.0,3,0,1,0,0,0,1,0,211200.0
482,4.1,10,18,1939.0,0,359,144000.0,222000.0,3,0,1,1,0,0,0,0,182700.0
329,3.8,5,6,1985.0,7,320,111000.0,143000.0,2,0,1,0,0,0,1,0,126947.0
653,3.4,7,41,1986.0,3,41,72000.0,102000.0,2,1,0,0,0,0,1,0,85340.0
17,3.8,14,14,1975.0,2,376,98000.0,124000.0,2,1,0,0,0,0,1,0,110386.0
358,4.4,13,12,1995.0,3,13,97000.0,130000.0,3,1,0,0,0,0,1,0,112271.0
730,3.0,24,77,1986.0,0,318,100000.0,120000.0,1,0,1,0,0,0,1,0,110000.0
783,4.1,4,29,1965.0,7,317,97000.0,145000.0,3,1,0,0,0,0,1,0,118578.0
416,4.7,24,77,1986.0,0,316,105000.0,142000.0,3,1,0,0,0,0,1,0,121948.0
152,5.0,24,77,1986.0,0,172,145000.0,200000.0,3,0,1,0,0,0,1,0,172500.0
846,4.4,0,2,2013.0,3,372,93000.0,131000.0,3,1,0,0,0,0,1,0,110170.0
698,3.9,10,30,2003.0,6,384,120000.0,183000.0,2,1,0,0,0,0,1,0,148077.0
1131,2.5,16,15,1986.0,3,385,80000.0,92000.0,1,0,1,0,0,0,1,0,86000.0
1037,4.1,11,47,1853.0,9,144,108000.0,178000.0,3,0,1,0,0,0,1,0,142550.0
680,4.3,10,18,1975.0,9,309,112000.0,218000.0,3,0,1,0,0,0,1,0,165200.0
1105,4.3,3,16,1819.0,7,69,100000.0,120000.0,3,0,1,0,0,0,1,0,110000.0
235,3.1,7,41,2009.0,4,253,118000.0,148000.0,2,0,1,0,0,0,1,0,132903.0
680,4.3,10,18,1975.0,9,309,134000.0,257000.0,3,0,1,0,0,0,1,0,195200.0
1054,4.9,24,77,1986.0,0,316,114000.0,164000.0,3,1,0,0,0,0,1,0,136610.0
711,4.2,10,48,1997.0,8,201,159000.0,239000.0,3,1,0,1,0,0,0,0,194812.0
806,4.1,10,30,2012.0,0,332,173000.0,281000.0,3,0,1,0,0,0,1,0,226800.0
425,3.7,0,2,1955.0,0,299,128000.0,229000.0,2,0,1,0,0,0,1,0,178744.0
883,4.1,10,45,1969.0,8,156,86000.0,137000.0,3,1,0,1,0,0,0,0,108762.0
109,4.2,10,30,2008.0,0,332,202000.0,316000.0,3,0,1,0,0,0,1,0,259000.0
543,4.4,13,12,2009.0,0,7,73000.0,113000.0,3,1,0,0,1,0,0,0,91015.0
1146,3.4,21,36,1962.0,9,30,68000.0,108000.0,2,1,0,0,0,0,1,0,85407.0
72,3.7,10,48,1994.0,9,29,135000.0,135000.0,2,0,1,0,0,1,0,0,134500.0
137,3.4,14,51,1914.0,7,230,80000.0,108000.0,2,1,0,0,0,0,1,0,92869.0
569,4.1,24,77,1986.0,0,388,90000.0,130000.0,3,0,1,1,0,0,0,0,110000.0
948,4.1,24,77,1986.0,0,310,61440.0,65280.0,3,0,1,0,0,0,1,0,63360.0
332,4.0,24,77,1986.0,0,8,100000.0,100000.0,2,0,1,0,0,0,1,0,100000.0
221,4.0,14,51,1925.0,9,243,108000.0,138000.0,2,1,0,0,0,0,1,0,122173.0
745,3.3,24,77,1986.0,0,385,115200.0,124800.0,2,0,1,0,0,0,1,0,120000.0
1176,3.6,14,21,2013.0,0,87,90000.0,150000.0,2,0,1,0,0,0,1,0,120000.0
98,4.2,10,18,1976.0,9,93,139000.0,257000.0,3,0,1,0,0,0,1,0,197700.0
711,4.2,10,48,1997.0,8,201,140000.0,227000.0,3,1,0,0,0,0,1,0,178472.0
484,3.8,21,42,1978.0,9,15,63000.0,91000.0,2,1,0,0,1,0,0,0,75954.0
263,3.4,14,28,1947.0,5,299,81000.0,118000.0,2,1,0,0,0,0,1,0,97442.0
63,3.1,22,74,1973.0,8,197,204000.0,258000.0,2,0,1,1,0,0,0,0,231000.0
510,5.0,24,77,1986.0,0,316,102000.0,139000.0,3,1,0,0,0,0,1,0,119053.0
771,3.9,5,49,1971.0,0,257,160000.0,240000.0,2,0,1,0,0,0,1,0,200000.0
414,3.8,5,6,1992.0,8,129,122000.0,165000.0,2,1,0,0,0,0,1,0,141619.0
522,3.9,13,64,1983.0,0,367,74000.0,116000.0,2,1,0,0,0,0,1,0,92692.0
758,3.6,3,27,2004.0,0,393,73000.0,108000.0,2,1,0,1,0,0,0,0,89109.0
867,4.2,24,77,1986.0,0,311,170000.0,230000.0,3,0,1,0,0,0,1,0,200000.0
755,5.0,10,45,1986.0,0,372,91000.0,132000.0,3,1,0,0,0,0,1,0,109535.0
346,4.0,0,2,1969.0,5,114,81000.0,117000.0,2,1,0,0,0,0,1,0,97160.0
186,3.1,21,25,1972.0,8,106,95000.0,125000.0,2,0,1,0,0,0,1,0,110000.0
371,4.1,15,80,1991.0,0,62,130000.0,179000.0,3,1,0,0,0,0,1,0,152469.0
803,3.9,10,48,2010.0,5,332,148000.0,198000.0,2,1,0,0,0,0,1,0,171470.0
1146,3.4,21,36,1962.0,9,369,143000.0,286000.0,2,0,1,0,0,0,1,0,214500.0
1165,4.2,10,30,2005.0,7,15,168000.0,252000.0,3,0,1,1,0,0,0,0,210000.0
676,3.9,10,48,2004.0,9,253,97000.0,134000.0,2,0,1,0,0,1,0,0,115495.0
825,4.6,10,45,2009.0,4,395,121000.0,161000.0,3,1,0,0,0,0,1,0,139568.0
98,4.2,10,18,1976.0,9,345,231000.0,346000.0,3,0,1,0,0,0,1,0,288400.0
473,3.0,16,15,1970.0,5,253,70000.0,75000.0,1,0,1,0,0,0,1,0,72500.0
543,4.4,13,12,2009.0,0,7,68000.0,112000.0,3,1,0,0,0,0,0,1,87490.0
233,4.0,20,65,1946.0,8,15,119000.0,155000.0,2,1,0,0,0,0,1,0,135770.0
677,4.4,24,77,1986.0,0,73,83000.0,115000.0,3,1,0,0,1,0,0,0,97718.0
873,2.9,24,77,1986.0,0,313,124800.0,134400.0,1,0,1,0,1,0,0,0,129600.0
167,3.5,14,33,1986.0,7,362,81000.0,114000.0,2,1,0,0,1,0,0,0,96181.0
562,3.9,12,50,1958.0,5,158,81000.0,116000.0,2,1,0,0,0,0,1,0,96735.0
526,3.9,10,45,2003.0,3,361,102000.0,140000.0,2,1,0,0,0,0,1,0,119374.0
803,3.9,10,48,2010.0,5,332,161000.0,206000.0,2,1,0,0,0,0,1,0,182506.0
776,3.9,5,0,1998.0,8,41,108000.0,156000.0,2,1,0,0,0,0,1,0,130047.0
1048,3.4,10,48,2016.0,0,333,145000.0,250000.0,2,0,1,0,0,0,1,0,197500.0
1048,3.4,10,48,2016.0,0,333,194000.0,355000.0,2,0,1,0,0,0,1,0,274500.0
516,4.2,5,6,2017.0,0,225,105000.0,159000.0,3,1,0,0,0,0,1,0,129194.0
434,4.3,3,16,1885.0,7,15,75000.0,113000.0,3,1,0,1,0,0,0,0,92290.0
38,4.0,13,12,1986.0,3,313,63000.0,90000.0,2,0,1,0,0,0,1,0,76500.0
545,4.6,10,45,2015.0,0,354,97000.0,136000.0,3,1,0,0,0,0,1,0,114847.0
1015,4.0,10,45,2006.0,3,263,69139.2,69139.2,2,0,1,0,0,0,1,0,69139.2
215,3.7,14,51,1902.0,9,289,61000.0,107000.0,2,0,1,0,0,0,1,0,84168.0
737,3.9,24,77,1986.0,0,56,113000.0,169000.0,2,0,1,0,0,0,1,0,141000.0
227,2.9,10,48,2007.0,3,385,219000.0,219000.0,1,0,1,1,0,0,0,0,219000.0
688,3.9,5,49,1935.0,9,253,106000.0,170000.0,2,1,0,1,0,0,0,0,134156.0
1054,4.7,24,77,1986.0,0,316,114000.0,164000.0,3,1,0,0,0,0,1,0,136610.0
214,4.4,3,16,1900.0,7,288,76000.0,112000.0,3,1,0,0,0,1,0,0,92075.0
572,4.0,3,16,1876.0,7,19,55000.0,97000.0,2,0,1,0,0,0,1,0,75900.0
388,4.1,1,69,2009.0,5,395,99000.0,153000.0,3,1,0,1,0,0,0,0,123072.0
377,3.8,14,21,2015.0,6,73,75000.0,111000.0,2,1,0,0,0,0,0,1,91493.0
1062,3.8,6,56,1775.0,0,393,96000.0,148000.0,2,0,1,0,0,0,1,0,122070.0
1114,4.5,9,39,1986.0,0,15,72000.0,104000.0,3,1,0,0,0,0,1,0,86311.0
453,4.3,10,48,2009.0,0,385,226000.0,281000.0,3,0,1,0,0,0,1,0,253500.0
277,4.4,9,70,1986.0,0,36,160000.0,250000.0,3,0,1,0,0,0,1,0,205000.0
1076,4.3,18,8,1887.0,0,385,139000.0,181000.0,3,0,1,0,0,0,1,0,160306.0
270,3.2,7,41,1997.0,6,285,76000.0,84000.0,2,0,1,0,1,0,0,0,79700.0
1006,4.1,10,45,2003.0,3,408,70000.0,70000.0,3,0,1,0,0,0,1,0,70000.0
138,4.0,24,77,1986.0,0,15,75000.0,101000.0,2,1,0,0,0,0,0,1,86940.0
77,3.7,2,4,1862.0,7,395,100000.0,130000.0,2,0,1,0,0,0,1,0,115000.0
707,4.2,4,29,1986.0,0,38,91000.0,118000.0,3,1,0,0,0,0,1,0,103767.0
385,3.9,10,48,2004.0,9,332,109000.0,171000.0,2,0,1,0,0,0,1,0,140000.0
1044,3.6,18,8,1902.0,9,325,88000.0,116000.0,2,1,0,0,0,0,1,0,101182.0
274,3.8,24,77,1986.0,0,332,190000.0,225000.0,2,0,1,1,0,0,0,0,207500.0
843,4.0,10,18,1985.0,9,18,148000.0,222000.0,2,0,1,1,0,0,0,0,185000.0
509,3.8,24,77,1986.0,0,313,134400.0,153600.0,2,0,1,0,0,0,1,0,144000.0
690,3.5,7,41,2013.0,7,253,66000.0,99000.0,2,0,1,0,0,0,1,0,82356.0
316,4.0,13,12,1850.0,9,285,79000.0,106000.0,2,1,0,0,0,0,1,0,91429.0
205,3.6,3,16,2011.0,3,313,92000.0,111000.0,2,0,1,0,0,0,1,0,101825.0
942,2.9,10,45,1986.0,0,195,78000.0,119000.0,1,1,0,0,0,0,1,0,96534.0
343,3.6,10,45,1992.0,0,313,140000.0,180000.0,2,0,1,0,1,0,0,0,160000.0
823,4.1,14,21,1837.0,9,216,85000.0,115000.0,3,0,1,0,0,0,1,0,100000.0
346,4.0,0,2,1969.0,5,114,113000.0,167000.0,2,1,0,0,0,0,1,0,137143.0
500,3.8,18,8,1990.0,7,39,84000.0,121000.0,2,1,0,0,0,0,1,0,100799.0
877,4.1,10,18,2008.0,4,11,181000.0,235000.0,3,0,1,0,0,1,0,0,208000.0
154,3.6,24,77,1986.0,0,73,86000.0,124000.0,2,1,0,0,0,0,1,0,103389.0
11,3.8,2,4,1990.0,9,18,100000.0,148000.0,2,0,1,1,0,0,0,0,124000.0
756,3.88634903640257,14,21,1986.0,0,238,78000.0,124000.0,2,1,0,0,0,0,1,0,98352.0
740,4.8,24,77,1986.0,0,340,83000.0,118000.0,3,1,0,0,0,1,0,0,98926.0
165,4.8,6,56,2016.0,0,401,75000.0,100000.0,3,0,1,0,0,0,1,0,87500.0
959,4.0,24,77,1986.0,0,191,85000.0,140000.0,2,0,1,0,0,0,1,0,112500.0
853,4.1,10,45,1880.0,9,307,55000.0,91000.0,3,1,0,0,0,0,1,0,70956.0
465,3.3,24,77,1986.0,0,73,85000.0,117000.0,2,1,0,0,0,0,1,0,100130.0
729,3.5,24,77,1986.0,0,244,165000.0,200000.0,2,0,1,1,0,0,0,0,182500.0
377,3.8,14,21,2015.0,6,18,70000.0,75000.0,2,0,1,0,0,0,1,0,72500.0
57,3.8,5,6,1919.0,8,68,72000.0,97000.0,2,1,0,0,1,0,0,0,84011.0
936,4.0,10,30,2012.0,7,336,240000.0,338000.0,2,0,1,0,0,0,1,0,289050.0
906,4.1,4,29,1926.0,9,222,190000.0,230000.0,3,0,1,0,0,0,1,0,210000.0
845,3.6,14,40,1937.0,7,331,65000.0,118000.0,2,0,1,0,0,0,1,0,91500.0
699,4.6,10,18,1993.0,8,340,140000.0,276000.0,3,0,1,1,0,0,0,0,208000.0
587,4.0,10,48,2012.0,0,41,125000.0,174000.0,2,1,0,0,0,0,1,0,147663.0
495,3.0,24,77,1986.0,0,313,100000.0,150000.0,1,0,1,0,0,0,1,0,125000.0
1022,4.0,22,74,2009.0,4,332,179000.0,235000.0,2,1,0,0,0,0,1,0,205120.0
1074,4.3,24,77,1986.0,0,13,139000.0,181000.0,3,0,1,0,0,0,1,0,160306.0
379,2.2,18,8,1994.0,0,4,310000.0,360000.0,1,0,1,0,0,0,0,1,334750.0
664,3.7,7,41,1833.0,9,217,165000.0,275000.0,2,0,1,0,0,0,1,0,219700.0
347,3.6,24,77,1991.0,3,313,65000.0,65000.0,2,0,1,0,0,0,1,0,65000.0
765,3.2,11,46,2012.0,7,253,131000.0,172000.0,2,0,1,0,0,0,1,0,151700.0
871,3.4,10,18,2016.0,5,253,159000.0,278000.0,2,0,1,1,0,0,0,0,218625.0
118,4.0,10,68,2002.0,0,332,162000.0,210000.0,2,1,0,1,0,0,0,0,184551.0
1080,3.9,7,41,1943.0,7,94,82000.0,101000.0,2,1,0,0,0,0,1,0,90720.0
639,4.3,0,2,1968.0,7,99,70000.0,117000.0,3,0,1,0,0,0,1,0,93700.0
26,5.0,10,45,1986.0,0,361,81000.0,118000.0,3,1,0,0,0,0,1,0,97529.0
334,3.6,24,77,1986.0,0,313,140000.0,150000.0,2,0,1,0,0,0,1,0,145000.0
383,3.4,5,32,2000.0,7,15,106000.0,144000.0,2,1,0,0,0,0,1,0,123883.0
924,3.5,13,12,1986.0,4,18,91000.0,122000.0,2,1,0,0,0,0,1,0,105167.0
118,4.0,10,68,2002.0,0,332,156000.0,207000.0,2,1,0,0,0,0,1,0,179572.0
360,3.0,13,12,1946.0,7,231,79000.0,107000.0,1,1,0,0,0,0,1,0,92015.0
425,3.7,0,2,1955.0,0,299,141000.0,252000.0,2,0,1,1,0,0,0,0,196617.0
373,3.9,18,58,2018.0,0,331,170000.0,185000.0,2,0,1,0,0,0,0,1,177500.0
397,4.2,10,30,2001.0,5,337,107000.0,159000.0,3,1,0,0,0,0,1,0,130064.0
1077,2.6,15,61,1933.0,5,395,101000.0,145000.0,1,1,0,0,0,0,1,0,121010.0
298,1.0,24,77,1986.0,0,218,107000.0,141000.0,0,1,0,0,0,1,0,0,122757.0
545,4.6,10,45,2015.0,0,316,98000.0,138000.0,3,1,0,0,0,0,1,0,116441.0
872,3.3,24,77,1986.0,0,313,100000.0,125000.0,2,0,1,0,0,0,1,0,112500.0
686,4.0,3,16,1893.0,5,45,56000.0,84000.0,2,1,0,0,0,0,1,0,68743.0
420,3.0,15,61,1906.0,7,165,120000.0,247000.0,1,0,1,0,0,0,1,0,183350.0
422,4.1,13,12,1979.0,7,167,96000.0,131000.0,3,0,1,0,0,0,1,0,113250.0
742,3.3,10,18,1998.0,5,313,95000.0,115000.0,2,0,1,0,0,0,1,0,105000.0
769,2.9,10,68,1986.0,0,313,120000.0,160000.0,1,0,1,0,0,0,1,0,140000.0
655,4.7,10,18,2016.0,0,275,140000.0,140000.0,3,0,1,0,0,0,1,0,140000.0
560,4.0,5,6,1799.0,9,253,128000.0,195000.0,2,0,1,1,0,0,0,0,161625.0
642,2.4,23,73,1980.0,3,104,99000.0,134000.0,1,1,0,0,0,0,1,0,114893.0
101,4.0,0,2,1979.0,5,30,57000.0,87000.0,2,1,0,0,0,0,1,0,70521.0
751,3.8,16,15,1986.0,0,246,72000.0,109000.0,2,0,1,0,1,0,0,0,90500.0
578,5.0,10,30,1986.0,0,71,100000.0,120000.0,3,0,1,0,0,0,1,0,110000.0
68,3.7,10,48,1994.0,9,332,136000.0,136000.0,2,0,1,0,0,0,1,0,136000.0
933,3.6,14,28,1962.0,7,256,49920.0,91200.0,2,0,1,0,0,0,1,0,70560.0
1119,4.1,10,45,1986.0,2,290,86400.0,86400.0,3,0,1,1,0,0,0,0,86400.0
12,3.7,11,47,1919.0,9,170,78000.0,110000.0,2,1,0,0,0,0,1,0,92531.0
977,3.88634903640257,23,73,2004.0,3,2,76000.0,112000.0,2,1,0,0,0,0,1,0,92529.0
716,3.6,11,46,1845.0,9,252,183000.0,183000.0,2,0,1,0,0,0,1,0,182500.0
409,5.0,10,45,1986.0,0,125,91000.0,129000.0,3,1,0,0,0,0,1,0,108527.0
542,4.9,10,45,2011.0,2,385,105600.0,115200.0,3,0,1,0,0,0,1,0,110400.0
635,3.4,21,25,1858.0,9,173,311000.0,577000.0,2,0,1,0,0,0,1,0,444240.0
701,3.4,24,77,1986.0,0,210,75000.0,101000.0,2,0,1,0,1,0,0,0,87761.0
871,3.4,10,18,2016.0,5,253,159000.0,278000.0,2,0,1,1,0,0,0,0,218625.0
858,3.4,10,18,1993.0,0,18,80000.0,114000.0,2,1,0,0,0,0,1,0,95175.0
695,3.9,10,30,1986.0,7,15,90000.0,123000.0,2,1,0,0,0,0,1,0,105213.0
876,3.8,7,41,1915.0,7,258,81000.0,120000.0,2,1,0,0,0,0,1,0,98558.0
967,3.7,6,71,1889.0,9,294,100000.0,135000.0,2,0,1,0,0,0,1,0,117251.0
734,3.8,5,6,1889.0,8,73,111000.0,140000.0,2,1,0,0,0,0,1,0,124648.0
601,4.4,9,39,2016.0,0,332,115200.0,124800.0,3,0,1,0,1,0,0,0,120000.0
853,4.1,10,45,1880.0,9,307,52000.0,83000.0,3,1,0,0,0,0,1,0,65606.0
146,4.4,0,2,1998.0,4,158,88000.0,138000.0,3,1,0,0,0,0,1,0,110211.0
1061,4.0,6,56,1950.0,0,395,148000.0,222000.0,2,0,1,0,0,1,0,0,184775.0
1183,3.9,10,18,2014.0,0,130,221000.0,319000.0,2,0,1,1,0,0,0,0,270000.0
787,3.7,7,41,1894.0,6,94,86000.0,122000.0,2,1,0,0,1,0,0,0,102483.0
524,3.7,24,77,1986.0,0,218,75000.0,108000.0,2,1,0,0,1,0,0,0,90056.0
173,4.4,10,68,2005.0,6,311,245000.0,307000.0,3,0,1,1,0,0,0,0,275750.0
739,3.8,10,18,2016.0,0,244,167000.0,251000.0,2,0,1,1,0,0,0,0,209000.0
1085,3.9,0,2,2006.0,0,99,97000.0,135000.0,2,1,0,0,0,0,1,0,114321.0
56,3.4,11,46,1931.0,9,73,38400.0,53760.0,2,0,1,0,0,0,1,0,46080.0
676,3.9,10,48,2004.0,9,222,191000.0,262000.0,2,0,1,0,0,0,1,0,226500.0
639,4.3,0,2,1968.0,7,151,92000.0,124000.0,3,1,0,0,0,1,0,0,106668.0
392,3.6,5,6,1913.0,5,77,83000.0,120000.0,2,1,0,0,0,0,1,0,99970.0
310,4.9,10,45,2003.0,0,151,106000.0,139000.0,3,1,0,0,0,0,1,0,121278.0
1167,4.1,10,18,1990.0,9,325,84000.0,118000.0,3,1,0,0,0,0,1,0,99700.0
405,3.3,24,77,1986.0,1,218,90000.0,126000.0,2,1,0,0,0,0,1,0,106552.0
813,3.7,5,6,1991.0,5,334,66000.0,104000.0,2,1,0,0,0,0,1,0,82980.0
1081,3.9,10,48,2009.0,9,369,158000.0,158000.0,2,0,1,1,0,0,0,0,158000.0
98,4.2,10,18,1976.0,9,18,116000.0,162000.0,3,1,0,0,0,0,1,0,137011.0
1135,4.1,10,45,1958.0,9,18,161000.0,210000.0,3,0,1,0,0,0,1,0,185500.0
294,3.4,10,18,2018.0,0,99,79000.0,124000.0,2,1,0,0,0,0,1,0,98913.0
499,3.7,13,12,1969.0,7,316,96000.0,163000.0,2,0,1,0,0,0,1,0,129298.0
899,4.1,10,18,1983.0,0,333,208000.0,332000.0,3,0,1,0,0,0,1,0,270000.0
558,4.7,10,45,2017.0,0,218,104000.0,145000.0,3,1,0,1,0,0,0,0,123065.0
386,4.4,21,81,2017.0,0,313,183000.0,251000.0,3,0,1,1,0,0,0,0,216750.0
1000,4.1,18,8,1781.0,9,192,106000.0,139000.0,3,1,0,0,0,0,0,1,121257.0
72,3.7,10,48,1994.0,9,18,112000.0,112000.0,2,0,1,0,0,0,1,0,111600.0
676,3.9,10,48,2004.0,9,253,134000.0,204000.0,2,0,1,0,0,1,0,0,169000.0
993,4.0,10,45,2006.0,3,263,119884.8,119884.8,2,0,1,0,0,0,1,0,119884.8
305,3.7,4,29,1903.0,9,100,93000.0,124000.0,2,1,0,0,0,0,1,0,107575.0
507,4.9,10,45,2013.0,3,361,140000.0,180000.0,3,0,1,0,0,0,1,0,160000.0
1043,3.7,24,77,1986.0,0,125,85000.0,118000.0,2,1,0,0,0,0,1,0,100304.0
533,4.3,24,77,1986.0,0,395,85000.0,103000.0,3,0,1,0,1,0,0,0,94060.0
712,3.8,6,71,1986.0,0,378,74000.0,115000.0,2,0,1,0,0,0,0,1,94457.0
79,4.2,5,32,1850.0,9,286,170000.0,255000.0,3,0,1,1,0,0,0,0,212500.0
176,3.9,14,76,1931.0,9,2,80000.0,112000.0,2,1,0,0,0,0,1,0,94837.0
288,3.5,10,48,2010.0,0,244,142000.0,142000.0,2,0,1,1,0,0,0,0,142000.0
936,4.0,10,30,2012.0,7,29,214000.0,328000.0,2,0,1,1,0,0,0,0,270875.0
1083,4.0,10,30,2005.0,0,29,162000.0,244000.0,2,0,1,0,0,0,1,0,202975.0
1048,3.4,10,48,2016.0,0,345,153000.0,332000.0,2,0,1,0,0,0,1,0,242500.0
68,3.7,10,48,1994.0,9,345,115000.0,115000.0,2,0,1,0,0,0,1,0,115000.0
98,4.2,10,18,1976.0,9,345,152000.0,268000.0,3,0,1,1,0,0,0,0,210300.0
354,3.5,24,77,1986.0,0,18,55603.2,106137.6,2,0,1,0,0,0,1,0,80870.4
341,4.0,10,48,2011.0,5,253,198000.0,374000.0,2,0,1,0,0,0,1,0,285750.0
220,4.2,10,18,1986.0,2,404,89000.0,126000.0,3,1,0,0,0,0,1,0,105408.0
116,3.3,24,77,1986.0,0,313,100000.0,110000.0,2,0,1,0,0,0,1,0,105000.0
1055,4.9,10,45,2021.0,2,20,74000.0,118000.0,3,1,0,0,0,0,1,0,93689.0
283,3.0,11,47,1987.0,6,297,79000.0,122000.0,1,0,1,0,0,0,1,0,100265.0
1008,4.5,24,77,1986.0,0,313,96000.0,96000.0,3,0,1,0,1,0,0,0,96000.0
843,4.0,10,18,1985.0,9,332,196000.0,294000.0,2,0,1,1,0,0,0,0,244500.0
49,5.0,24,77,1986.0,0,10,165000.0,165000.0,3,0,1,0,0,0,1,0,165000.0
863,3.9,24,77,1986.0,0,288,90000.0,100000.0,2,0,1,0,1,0,0,0,95000.0
426,3.9,10,45,1996.0,9,361,67000.0,99000.0,2,1,0,0,0,0,1,0,81586.0
692,3.7,10,30,2016.0,0,244,129000.0,257000.0,2,0,1,1,0,0,0,0,193000.0
883,4.1,10,45,1969.0,8,176,80000.0,112000.0,3,1,0,1,0,0,0,0,94715.0
783,4.1,4,29,1965.0,7,317,88000.0,128000.0,3,1,0,0,0,0,1,0,106306.0
797,3.6,10,45,2017.0,8,151,146000.0,234000.0,2,0,1,0,0,0,1,0,190000.0
35,4.1,10,18,1969.0,9,18,140000.0,179000.0,3,1,0,0,0,0,1,0,158338.0
721,3.8,11,47,2016.0,0,275,139000.0,178000.0,2,1,0,0,0,0,1,0,157194.0
196,3.1,7,41,1963.0,9,324,97000.0,202000.0,2,0,1,0,0,0,1,0,149618.0
680,4.3,10,18,1975.0,9,309,94000.0,183000.0,3,0,1,0,0,0,1,0,138450.0
699,4.6,10,18,1993.0,8,104,144000.0,270000.0,3,0,1,1,0,0,0,0,207125.0
1185,2.4,15,1,2000.0,0,253,170000.0,220000.0,1,0,1,1,0,0,0,0,195000.0
826,4.6,10,45,2009.0,4,395,121000.0,161000.0,3,1,0,0,0,0,1,0,139568.0
1172,4.2,3,16,1701.0,7,250,68000.0,107000.0,3,1,0,0,0,0,0,1,85379.0
803,3.9,10,48,2010.0,5,332,178000.0,233000.0,2,1,0,0,0,0,1,0,203483.0
539,3.3,24,77,1986.0,0,385,75000.0,120000.0,2,0,1,0,0,0,1,0,97500.0
1091,4.3,3,16,1871.0,0,117,56000.0,85000.0,3,1,0,0,0,0,1,0,69039.0
424,3.5,14,51,1911.0,7,99,116000.0,160000.0,2,1,0,0,0,0,1,0,136139.0
236,3.5,4,29,1980.0,0,158,75000.0,108000.0,2,1,0,0,0,0,1,0,90222.0
175,3.8,10,45,1986.0,0,395,82000.0,110000.0,2,1,0,0,1,0,0,0,94569.0
854,3.5,7,43,2022.0,0,68,94000.0,120000.0,2,0,1,0,0,0,1,0,107200.0
9,3.8,10,45,1990.0,4,138,70000.0,80000.0,2,0,1,0,0,0,1,0,75000.0
678,4.1,14,51,1889.0,9,140,93000.0,122000.0,3,1,0,0,0,0,1,0,106750.0
349,3.7,13,12,1999.0,6,144,110000.0,125000.0,2,0,1,0,0,0,1,0,117500.0
492,4.6,10,45,1986.0,0,304,94000.0,125000.0,3,1,0,0,0,0,1,0,108123.0
848,4.1,10,18,2006.0,0,253,150000.0,225000.0,3,0,1,1,0,0,0,0,187500.0
532,4.2,24,77,1986.0,0,13,110000.0,130000.0,3,0,1,0,0,0,1,0,120000.0
273,3.7,10,18,2014.0,0,385,156000.0,183000.0,2,0,1,1,0,0,0,0,169570.0
149,3.3,5,49,1995.0,5,99,112000.0,112000.0,2,0,1,0,1,0,0,0,112112.0
622,4.2,13,12,1961.0,5,218,107000.0,155000.0,3,1,0,0,0,0,1,0,128855.0
1160,3.3,20,65,1994.0,2,1,69000.0,103000.0,2,1,0,0,0,0,1,0,84724.0
529,3.7,9,70,1986.0,0,239,73000.0,116000.0,2,0,1,0,0,0,1,0,94596.0
247,3.6,5,6,1828.0,8,405,116000.0,156000.0,2,1,0,0,0,0,1,0,134169.0
843,4.0,10,18,1985.0,9,340,121000.0,181000.0,2,0,1,0,0,1,0,0,151000.0
73,3.7,10,48,1994.0,9,340,115000.0,115000.0,2,0,1,1,0,0,0,0,115000.0
1017,4.6,10,68,2020.0,0,285,85000.0,115000.0,3,0,1,0,0,0,1,0,100000.0
615,4.1,18,8,1876.0,9,165,81000.0,123000.0,3,1,0,0,0,0,1,0,99725.0
1204,4.0,10,45,2006.0,3,263,115200.0,119884.8,2,0,1,0,0,0,1,0,117542.4
929,3.9,10,45,1986.0,0,95,82560.0,90240.0,2,0,1,1,0,0,0,0,86400.0
317,4.2,23,3,1928.0,9,15,71000.0,109000.0,3,1,0,0,0,0,1,0,88102.0
1027,3.6,7,41,1865.0,9,37,86000.0,130000.0,2,1,0,0,0,0,1,0,105430.0
1194,3.2,15,10,1972.0,8,253,104000.0,130000.0,2,0,1,0,0,0,1,0,117000.0
268,4.8,10,45,1986.0,3,163,74000.0,102000.0,3,1,0,0,1,0,0,0,86551.0
498,4.1,10,45,1911.0,9,66,145000.0,219000.0,3,0,1,0,0,0,1,0,182000.0
1058,4.0,24,77,1986.0,0,332,144000.0,216000.0,2,1,0,1,0,0,0,0,175950.0
544,4.0,6,56,1986.0,0,218,113000.0,154000.0,2,1,0,0,0,0,1,0,131751.0
352,3.4,13,12,2000.0,5,18,100000.0,120000.0,2,0,1,0,0,0,1,0,110000.0
859,4.0,9,70,2019.0,2,377,160000.0,220000.0,2,0,1,1,0,0,0,0,190000.0
445,2.9,21,23,2013.0,0,385,148000.0,248000.0,1,0,1,0,0,0,1,0,197550.0
1069,3.1,6,56,1986.0,0,395,118000.0,153000.0,2,0,1,0,0,0,1,0,135658.0
451,4.1,21,81,1927.0,9,181,87000.0,114000.0,3,1,0,0,0,0,1,0,99810.0
790,4.6,24,77,1986.0,0,274,88000.0,120000.0,3,1,0,0,0,0,1,0,103085.0
169,4.2,13,12,1914.0,8,218,175000.0,325000.0,3,0,1,1,0,0,0,0,249950.0
403,3.7,24,77,1986.0,0,313,150000.0,300000.0,2,0,1,0,0,0,1,0,225000.0
718,4.0,5,0,1986.0,0,282,140160.0,145920.0,2,0,1,0,0,0,1,0,143040.0
610,3.8,24,77,1986.0,0,149,65875.20000000001,77510.4,2,0,1,0,0,0,1,0,71692.8
702,4.7,24,77,1986.0,0,395,89000.0,126000.0,3,1,0,0,0,0,1,0,105650.0
528,3.2,10,45,1981.0,9,307,93000.0,126000.0,2,1,0,0,0,0,1,0,108046.0
1019,3.6,14,76,2003.0,7,275,104000.0,348000.0,2,0,1,0,0,1,0,0,226000.0
196,3.1,7,41,1963.0,9,397,83000.0,175000.0,2,0,1,0,0,0,1,0,129008.0
96,3.7,14,21,2010.0,3,147,110000.0,132000.0,2,0,1,0,0,0,1,0,121000.0
61,4.1,10,45,2001.0,4,218,103000.0,140000.0,3,1,0,0,0,0,1,0,119947.0
98,4.2,10,18,1976.0,9,345,162000.0,285000.0,3,0,1,0,0,0,1,0,223300.0
713,3.6,10,30,2008.0,5,15,180000.0,225000.0,2,0,1,0,0,0,1,0,202500.0
711,4.2,10,48,1997.0,8,201,150000.0,215000.0,3,1,0,1,0,0,0,0,179365.0
50,3.7,24,77,1986.0,0,10,165000.0,165000.0,2,0,1,0,0,0,1,0,165000.0
500,3.8,18,8,1990.0,7,224,76000.0,114000.0,2,1,0,0,0,0,0,1,92929.0
988,4.5,0,2,1972.0,5,260,94000.0,133000.0,3,1,0,0,0,0,1,0,111939.0
1137,5.0,24,77,1986.0,0,66,82000.0,117000.0,3,1,0,0,0,0,1,0,98065.0
436,3.9,18,8,1987.0,9,130,166000.0,214000.0,2,0,1,0,0,0,0,1,189930.0
437,5.0,24,77,1986.0,0,332,120000.0,160000.0,3,0,1,0,1,0,0,0,140000.0
809,3.4,11,47,1982.0,3,412,80000.0,114000.0,2,1,0,0,0,0,1,0,95089.0
447,3.1,10,45,1986.0,0,17,110000.0,130000.0,2,0,1,0,0,0,1,0,120000.0
666,3.8,7,41,1906.0,0,158,69000.0,98000.0,2,1,0,0,0,0,1,0,82554.0
248,3.8,6,71,1986.0,0,385,157000.0,213000.0,2,0,1,1,0,0,0,0,185237.0
753,3.8,7,41,2011.0,0,313,162000.0,203000.0,2,0,1,1,0,0,0,0,182250.0
782,4.4,13,12,1986.0,0,395,101000.0,146000.0,3,1,0,0,0,0,1,0,121306.0
756,4.2,14,21,1986.0,0,238,78000.0,124000.0,3,1,0,0,0,0,1,0,98352.0
750,2.9,23,67,2003.0,7,68,82000.0,114000.0,1,1,0,0,0,0,1,0,96736.0
708,3.7,6,56,1962.0,0,125,80000.0,192000.0,2,0,1,0,0,0,1,0,135818.0
560,4.0,5,6,1799.0,9,73,55000.0,83000.0,2,1,0,0,0,0,1,0,67321.0
489,4.3,7,41,1919.0,0,158,76000.0,109000.0,3,1,0,0,0,0,1,0,91029.0
97,3.6,10,48,2012.0,0,275,167000.0,266000.0,2,0,1,0,0,0,1,0,216500.0
342,3.3,4,29,1987.0,0,313,103000.0,157000.0,2,0,1,0,0,0,1,0,129600.0
76,3.7,23,3,1926.0,9,94,96000.0,131000.0,2,1,0,0,0,0,1,0,111969.0
1185,2.4,15,1,2000.0,0,253,80000.0,130000.0,1,0,1,0,0,0,1,0,105000.0
197,3.4,15,1,1986.0,0,285,101000.0,147000.0,2,1,0,0,0,0,1,0,121844.0
520,4.2,10,48,2004.0,7,313,164000.0,238000.0,3,0,1,0,0,0,1,0,201000.0
1048,3.4,10,48,2016.0,0,333,137000.0,280000.0,2,0,1,1,0,0,0,0,208400.0
346,4.0,0,2,1969.0,5,114,76000.0,117000.0,2,1,0,0,0,0,1,0,93990.0
1122,3.4,5,32,2009.0,0,333,73000.0,176000.0,2,0,1,0,0,0,1,0,124350.0
1165,4.2,10,30,2005.0,7,291,137000.0,240000.0,3,0,1,0,0,0,1,0,188400.0
209,3.0,2,79,1984.0,0,137,140000.0,165000.0,1,0,1,0,0,1,0,0,152500.0
676,3.9,10,48,2004.0,9,369,170000.0,240000.0,2,0,1,0,0,0,1,0,205000.0
144,3.2,7,41,2006.0,0,271,80000.0,100000.0,2,0,1,0,1,0,0,0,90000.0
1168,3.2,24,77,1986.0,0,313,40000.0,130000.0,2,0,1,1,0,0,0,0,85000.0
1199,3.2,10,45,2018.0,0,253,150000.0,230000.0,2,0,1,1,0,0,0,0,190000.0
13,3.3,24,77,1986.0,0,313,134400.0,153600.0,2,0,1,0,0,0,1,0,144000.0
613,1.0,18,8,2014.0,0,169,75000.0,111000.0,0,1,0,0,1,0,0,0,91587.0
1047,3.3,21,57,1837.0,7,253,130000.0,183000.0,2,0,1,0,0,0,1,0,156313.0
852,4.0,10,45,1986.0,0,165,88000.0,130000.0,2,1,0,0,0,0,1,0,106755.0
316,4.0,13,12,1850.0,9,41,89000.0,125000.0,2,1,0,0,0,0,1,0,105428.0
126,3.2,5,6,2012.0,0,73,101000.0,148000.0,2,1,0,0,0,0,1,0,122087.0
786,4.1,5,32,2020.0,0,332,170000.0,225000.0,3,0,1,0,0,0,1,0,197500.0
918,3.0,5,32,2014.0,4,140,71000.0,107000.0,1,1,0,0,1,0,0,0,87274.0
293,4.2,10,30,2011.0,6,313,115000.0,175000.0,3,0,1,0,0,0,1,0,145000.0
980,3.5,10,18,1986.0,7,333,162000.0,254000.0,2,0,1,0,0,0,1,0,208050.0
736,3.9,5,49,1857.0,9,385,75000.0,75000.0,2,0,1,0,1,0,0,0,75180.0
958,4.0,24,77,1986.0,0,191,85000.0,140000.0,2,0,1,0,0,0,1,0,112500.0
1133,3.0,7,41,2014.0,4,313,165000.0,213000.0,1,0,1,0,0,0,1,0,189043.0
737,3.9,24,77,1986.0,0,56,144000.0,216000.0,2,0,1,0,0,0,1,0,180000.0
565,4.1,6,56,1984.0,5,258,63000.0,94000.0,3,0,1,0,0,0,1,0,78400.0
936,4.0,10,30,2012.0,7,29,240000.0,338000.0,2,0,1,0,0,0,1,0,289050.0
1146,3.4,21,36,1962.0,9,30,64000.0,95000.0,2,1,0,0,1,0,0,0,77712.0
234,4.0,20,65,1946.0,8,15,119000.0,155000.0,2,1,0,0,0,0,1,0,135770.0
1089,3.6,7,41,1863.0,0,347,72000.0,97000.0,2,1,0,0,0,0,1,0,83824.0
1152,4.0,21,57,2004.0,6,194,68000.0,108000.0,2,1,0,0,0,0,1,0,85574.0
243,4.0,10,30,2006.0,0,332,123000.0,231000.0,2,0,1,0,0,0,1,0,177000.0
260,3.9,24,77,1986.0,0,151,70000.0,90000.0,2,0,1,0,0,0,1,0,80000.0
179,3.4,13,53,1939.0,0,246,66000.0,93000.0,2,1,0,0,0,0,1,0,78353.0
822,4.0,24,77,1986.0,0,332,137000.0,202000.0,2,0,1,1,0,0,0,0,169500.0
426,3.9,10,45,1996.0,9,218,103000.0,172000.0,2,1,0,0,0,0,1,0,133246.0
290,4.3,13,64,2007.0,0,268,166000.0,217000.0,3,1,0,0,0,0,1,0,189828.0
704,3.6,24,77,1986.0,0,313,110000.0,130000.0,2,0,1,0,0,0,1,0,120000.0
862,3.6,14,14,2017.0,0,60,124000.0,176000.0,2,1,0,0,0,0,1,0,147821.0
70,3.8,10,48,2006.0,9,345,136000.0,136000.0,2,0,1,0,0,0,1,0,136000.0
451,4.1,21,81,1927.0,9,181,88000.0,120000.0,3,1,0,0,0,0,1,0,103212.0
297,4.2,24,77,1986.0,0,94,86000.0,120000.0,3,1,0,0,0,0,1,0,101597.0
171,3.7,14,21,1964.0,7,131,103000.0,141000.0,2,1,0,1,0,0,0,0,120721.0
726,3.2,10,48,2010.0,0,332,153000.0,239000.0,2,1,0,0,0,0,1,0,191580.0
506,4.1,10,18,1968.0,9,286,123000.0,185000.0,3,0,1,0,0,0,1,0,154271.0
326,3.4,10,45,2012.0,0,351,93000.0,129000.0,2,1,0,0,0,0,1,0,109295.0
1153,3.9,3,16,1867.0,6,241,55000.0,87000.0,2,1,0,0,0,0,1,0,69295.0
1012,3.8,10,68,2009.0,3,313,153600.0,172800.0,2,0,1,0,0,0,1,0,163200.0
531,4.2,24,77,1986.0,0,13,110000.0,130000.0,3,0,1,0,0,0,1,0,120000.0
161,3.8,10,18,1986.0,0,313,120000.0,135000.0,2,0,1,0,0,0,1,0,127500.0
920,3.9,10,18,2018.0,0,333,260000.0,326000.0,2,0,1,1,0,0,0,0,293000.0
495,3.6,24,77,1986.0,0,313,100000.0,150000.0,2,0,1,0,0,0,1,0,125000.0
28,3.7,13,64,1965.0,6,322,70000.0,90000.0,2,0,1,0,0,0,1,0,80000.0
864,3.5,4,29,1998.0,8,286,82000.0,115000.0,2,1,0,0,0,0,1,0,96932.0
203,4.1,5,49,1931.0,7,200,117000.0,187000.0,3,0,1,0,0,0,1,0,152066.0
229,3.2,7,41,1986.0,0,253,144000.0,198000.0,2,0,1,0,0,0,1,0,171000.0
953,3.9,10,30,2003.0,7,79,159000.0,219000.0,2,0,1,1,0,0,0,0,189050.0
1168,4.2,24,77,1986.0,0,313,40000.0,130000.0,3,0,1,1,0,0,0,0,85000.0
968,4.9,10,45,2011.0,0,389,90000.0,125000.0,3,1,0,0,0,0,1,0,106389.0
515,4.1,13,64,1955.0,0,162,95000.0,95000.0,3,0,1,0,0,0,1,0,95004.0
1156,3.2,3,16,1986.0,1,353,80000.0,80000.0,2,0,1,0,0,0,1,0,79560.0
1014,3.4,14,76,1999.0,7,400,71000.0,100000.0,2,1,0,0,0,0,1,0,84574.0
150,4.7,10,45,2008.0,0,10,90000.0,127000.0,3,1,0,0,0,0,1,0,106615.0
957,4.2,3,16,1874.0,5,265,68000.0,98000.0,3,1,0,0,0,0,1,0,81599.0
139,3.9,13,12,1901.0,6,385,90000.0,124000.0,2,0,1,1,0,0,0,0,106930.0
1045,3.2,21,25,2009.0,0,344,210000.0,240000.0,2,0,1,1,0,0,0,0,225000.0
575,3.8,13,12,1987.0,7,218,96000.0,128000.0,2,1,0,0,0,1,0,0,111186.0
486,4.0,10,18,1885.0,9,15,106000.0,138000.0,2,1,0,0,0,0,1,0,121016.0
531,3.1,24,77,1986.0,0,13,110000.0,130000.0,2,0,1,0,0,0,1,0,120000.0
1115,3.4,7,41,1893.0,6,210,93000.0,117000.0,2,0,1,0,0,0,1,0,105100.0
466,4.0,13,12,1986.0,2,179,106000.0,189000.0,2,1,0,0,0,0,1,0,141912.0
527,4.0,10,45,1982.0,0,310,67200.0,74880.0,2,0,1,0,0,0,1,0,71040.0
1180,4.0,24,77,1986.0,0,283,76800.0,82560.0,2,0,1,0,0,0,1,0,79680.0
701,3.4,24,77,1986.0,0,210,59000.0,90000.0,2,0,1,0,0,0,1,0,74197.0
486,4.0,10,18,1885.0,9,176,89000.0,114000.0,2,1,0,0,0,0,1,0,100811.0
740,4.8,24,77,1986.0,0,340,113000.0,159000.0,3,1,0,0,0,0,1,0,134033.0
1107,4.6,1,69,1986.0,0,207,65000.0,65000.0,3,0,1,0,0,0,1,0,65000.0
506,4.1,10,18,1968.0,9,340,225000.0,360000.0,3,0,1,0,0,0,1,0,292380.0
400,3.8,10,45,2011.0,1,73,87000.0,122000.0,2,1,0,0,0,0,1,0,103020.0
482,4.1,10,18,1939.0,0,359,84000.0,126000.0,3,1,0,0,0,0,1,0,102849.0
245,3.8,5,49,1812.0,9,249,141000.0,141000.0,2,0,1,0,0,0,1,0,141477.0
428,3.9,14,76,1908.0,9,293,73000.0,92000.0,2,1,0,1,0,0,0,0,82292.0
530,4.6,10,45,1986.0,0,318,84000.0,122000.0,3,1,0,0,0,0,1,0,101083.0
609,3.9,10,18,1984.0,9,242,109000.0,157000.0,2,1,0,1,0,0,0,0,130979.0
1067,3.7,24,77,1986.0,0,285,119000.0,166000.0,2,1,0,0,0,0,1,0,140441.0
72,3.7,10,48,1994.0,9,345,112000.0,112000.0,2,0,1,0,0,0,1,0,111600.0
42,3.4,24,77,1986.0,1,68,103000.0,124000.0,2,0,1,0,0,0,1,0,113505.0
560,4.0,5,6,1799.0,9,290,81000.0,120000.0,2,1,0,0,0,0,1,0,98495.0
557,3.6,10,18,2013.0,2,313,130000.0,140000.0,2,0,1,0,0,0,1,0,135000.0
1038,4.1,11,47,1853.0,9,144,108000.0,178000.0,3,0,1,0,0,0,1,0,142550.0
450,2.9,24,77,1986.0,0,313,50000.0,100000.0,1,0,1,0,0,0,1,0,75000.0
282,4.2,6,56,2006.0,5,395,108000.0,151000.0,3,1,0,0,0,0,1,0,127503.0
141,3.8,10,45,2011.0,3,168,80000.0,110000.0,2,0,1,0,0,0,1,0,95000.0
1126,3.5,10,68,2016.0,0,336,120000.0,200000.0,2,0,1,0,0,0,1,0,160000.0
8,3.8,13,12,1979.0,2,314,82000.0,126000.0,2,1,0,0,0,0,1,0,101743.0
794,3.9,15,61,2013.0,0,253,125000.0,250000.0,2,0,1,0,0,0,1,0,187500.0
761,3.8,10,30,1977.0,9,345,117000.0,158000.0,2,1,0,0,0,0,1,0,136049.0
64,3.9,14,21,1919.0,9,318,86000.0,125000.0,2,0,1,0,0,0,1,0,105625.0
722,3.8,24,77,1986.0,0,386,45000.0,55000.0,2,0,1,0,0,0,1,0,50000.0
731,3.9,14,76,1986.0,8,132,101000.0,139000.0,2,1,0,0,0,0,1,0,118568.0
169,4.2,13,12,1914.0,8,260,93000.0,212000.0,3,0,1,0,0,0,1,0,152650.0
1055,4.9,10,45,2021.0,2,300,70000.0,100000.0,3,0,1,1,0,0,0,0,85000.0
1099,3.3,7,41,1984.0,7,262,107000.0,154000.0,2,1,0,0,0,0,1,0,128550.0
1112,3.8,24,77,1986.0,0,385,175000.0,242000.0,2,0,1,1,0,0,0,0,208450.0
572,4.0,3,16,1876.0,7,19,55000.0,97000.0,2,0,1,0,0,0,1,0,75900.0
966,2.8,7,41,1986.0,0,236,64780.8,64780.8,1,0,1,0,0,0,1,0,64780.8
812,3.8,14,28,1986.0,2,160,67000.0,103000.0,2,1,0,0,0,0,1,0,82799.0
1125,3.8,22,74,2000.0,9,25,117000.0,177000.0,2,1,0,0,0,0,1,0,143896.0
721,3.8,11,47,2016.0,0,275,128000.0,175000.0,2,1,0,0,0,0,1,0,149823.0
285,3.7,14,28,1851.0,9,374,102000.0,145000.0,2,1,0,0,0,0,1,0,121754.0
618,3.4,20,65,1959.0,0,100,78000.0,113000.0,2,1,0,0,0,0,1,0,94082.0
314,3.7,21,57,1980.0,0,253,140000.0,160000.0,2,0,1,0,0,0,1,0,150000.0
800,4.5,24,77,1986.0,0,313,115000.0,115000.0,3,0,1,0,1,0,0,0,115000.0
539,4.1,24,77,1986.0,0,385,75000.0,120000.0,3,0,1,0,0,0,1,0,97500.0
1186,4.0,18,8,1963.0,7,148,85000.0,119000.0,2,1,0,0,0,0,1,0,100853.0
689,3.5,3,16,1900.0,4,19,73000.0,114000.0,2,1,0,0,0,0,0,1,91369.0
30,5.0,10,45,2022.0,3,316,82000.0,123000.0,3,1,0,0,0,0,1,0,100654.0
1005,3.1,5,6,1986.0,0,188,108000.0,144000.0,2,1,0,0,0,1,0,0,124917.0
260,3.0,24,77,1986.0,0,151,70000.0,90000.0,1,0,1,0,0,0,1,0,80000.0
496,4.0,24,77,1986.0,0,380,50000.0,80000.0,2,0,1,0,1,0,0,0,65000.0
749,3.9,10,48,2004.0,9,309,177000.0,251000.0,2,0,1,0,0,0,1,0,214000.0
238,3.5,7,41,1970.0,6,254,107000.0,145000.0,2,1,0,0,0,0,1,0,124584.0
86,3.5,14,33,1852.0,9,325,141000.0,227000.0,2,0,1,0,0,0,1,0,184050.0
1030,5.0,24,77,1986.0,0,329,70000.0,100000.0,3,0,1,0,0,0,1,0,85000.0
608,3.4,5,6,1996.0,5,68,200000.0,215000.0,2,0,1,0,0,0,1,0,207500.0
260,4.7,24,77,1986.0,0,151,70000.0,90000.0,3,0,1,0,0,0,1,0,80000.0
1026,3.8,13,12,1984.0,3,322,89000.0,129000.0,2,1,0,0,0,0,1,0,107008.0
965,3.9,6,71,1967.0,0,326,58656.0,86438.40000000001,2,0,1,0,0,0,1,0,72556.79999999999
448,5.0,24,77,1986.0,0,13,105000.0,143000.0,3,1,0,0,0,0,1,0,122295.0
806,4.1,10,30,2012.0,0,332,226000.0,319000.0,3,0,1,1,0,0,0,0,272520.0
883,4.1,10,45,1969.0,8,269,77000.0,114000.0,3,1,0,1,0,0,0,0,93957.0
316,4.0,13,12,1850.0,9,182,77000.0,106000.0,2,1,0,0,0,0,1,0,90004.0
158,3.3,10,68,2001.0,6,291,160000.0,247000.0,2,0,1,1,0,0,0,0,203300.0
72,3.7,10,48,1994.0,9,29,127000.0,127000.0,2,0,1,0,0,0,1,0,127300.0
68,3.7,10,48,1994.0,9,345,136000.0,136000.0,2,0,1,0,0,0,1,0,136000.0
82,3.9,10,30,2000.0,0,253,170000.0,220000.0,2,0,1,0,0,0,1,0,195000.0
465,3.7,24,77,1986.0,0,73,85000.0,117000.0,2,1,0,0,0,0,1,0,100130.0
501,3.1,10,48,2010.0,0,218,107000.0,141000.0,2,0,1,0,1,0,0,0,123962.0
346,4.0,0,2,1969.0,5,114,98000.0,151000.0,2,1,0,0,0,0,1,0,121486.0
1100,4.3,3,16,1817.0,8,9,63000.0,87000.0,3,1,0,0,0,0,0,1,74004.0
272,3.4,18,8,2018.0,0,292,90000.0,142000.0,2,1,0,0,0,0,1,0,113315.0
68,3.7,10,48,1994.0,9,99,103000.0,103000.0,2,0,1,1,0,0,0,0,103400.0
471,4.2,24,77,1986.0,0,94,100000.0,135000.0,3,0,1,0,0,0,1,0,117251.0
873,4.0,24,77,1986.0,0,313,124800.0,134400.0,2,0,1,0,1,0,0,0,129600.0
442,3.4,4,29,1933.0,9,392,128000.0,169000.0,2,1,0,0,0,0,1,0,147222.0
1117,3.5,10,68,1991.0,0,73,83000.0,114000.0,2,1,0,0,0,0,1,0,97046.0
434,4.3,3,16,1885.0,7,15,57000.0,84000.0,3,1,0,1,0,0,0,0,69462.0
688,3.9,5,49,1935.0,9,253,131000.0,202000.0,2,1,0,0,0,0,1,0,162943.0
453,4.3,10,48,2009.0,0,385,337000.0,403000.0,3,0,1,0,0,0,1,0,370000.0
321,4.2,10,45,2005.0,2,218,165000.0,165000.0,3,0,1,0,0,0,1,0,165000.0
72,3.7,10,48,1994.0,9,29,167000.0,167000.0,2,0,1,1,0,0,0,0,166700.0
232,3.5,3,60,1883.0,0,73,120000.0,140000.0,2,0,1,0,0,0,1,0,130000.0
1095,4.2,3,16,1905.0,7,96,64000.0,77000.0,3,0,1,1,0,0,0,0,70904.0
1185,2.4,15,1,2000.0,0,253,170000.0,220000.0,1,0,1,1,0,0,0,0,195000.0
142,4.4,13,12,1973.0,8,15,261000.0,313000.0,3,0,1,0,0,0,1,0,286750.0
640,4.1,10,30,1990.0,6,15,89000.0,123000.0,3,1,0,0,0,0,1,0,104676.0
700,3.6,6,55,1625.0,0,210,92000.0,121000.0,2,0,1,0,0,0,1,0,106799.0
555,4.9,10,30,1986.0,0,372,72000.0,118000.0,3,1,0,0,0,0,1,0,92438.0
625,4.5,10,18,2004.0,0,15,73000.0,112000.0,3,1,0,0,0,0,1,0,90219.0
1072,4.2,6,56,1934.0,0,395,45000.0,89000.0,3,0,1,0,0,0,1,0,67036.0
680,4.3,10,18,1975.0,9,309,134000.0,257000.0,3,0,1,0,0,0,1,0,195200.0
88,3.7,10,48,1994.0,9,18,121000.0,172000.0,2,1,0,0,1,0,0,0,143964.0
70,3.8,10,48,2006.0,9,94,111000.0,157000.0,2,1,0,0,0,0,1,0,131822.0
1175,4.1,10,48,2006.0,5,253,110000.0,195000.0,3,0,1,0,0,0,1,0,152375.0
573,4.2,18,8,1887.0,9,375,135000.0,232000.0,3,0,1,0,0,0,1,0,183650.0
289,4.0,10,45,2014.0,0,166,64000.0,96000.0,2,0,1,0,0,0,1,0,80300.0
547,3.9,10,68,2001.0,5,332,202809.6,202809.6,2,0,1,0,0,0,1,0,202809.6
22,3.9,10,45,1986.0,3,313,76800.0,82560.0,2,0,1,1,0,0,0,0,79680.0
366,3.7,5,49,1986.0,7,327,75000.0,95000.0,2,0,1,0,1,0,0,0,85000.0
1003,3.5,7,41,1986.0,0,313,100000.0,130000.0,2,0,1,0,1,0,0,0,115000.0
1013,3.5,7,41,2002.0,7,73,91000.0,124000.0,2,1,0,0,0,0,1,0,106090.0
330,3.8,15,31,1923.0,9,180,109000.0,144000.0,2,1,0,0,0,0,1,0,125122.0
571,4.3,0,2,1942.0,7,186,98000.0,143000.0,3,1,0,0,0,0,1,0,118645.0
639,4.3,0,2,1968.0,7,395,100000.0,136000.0,3,1,0,0,0,0,1,0,116804.0
44,3.0,10,68,1986.0,0,12,68000.0,104000.0,1,1,0,0,0,1,0,0,83952.0
193,4.2,24,77,1986.0,0,153,80640.0,86400.0,3,0,1,0,0,0,1,0,83520.0
1042,4.1,15,61,1877.0,0,395,117000.0,160000.0,3,1,0,0,0,0,1,0,137021.0
54,3.3,5,6,1935.0,3,73,115000.0,142000.0,2,1,0,0,0,0,1,0,127549.0
1051,3.6,21,42,1938.0,9,46,105000.0,152000.0,2,1,0,0,0,0,1,0,126273.0
506,4.1,10,18,1968.0,9,286,110000.0,165000.0,3,0,1,0,0,0,1,0,137177.0
487,5.0,24,77,1986.0,0,385,100000.0,115000.0,3,0,1,0,0,0,1,0,107500.0
1081,3.9,10,48,2009.0,9,332,185000.0,185000.0,2,0,1,1,0,0,0,0,185000.0
33,4.3,10,18,1982.0,9,333,135000.0,251000.0,3,0,1,1,0,0,0,0,193050.0
499,3.7,13,12,1969.0,7,316,70000.0,119000.0,2,0,1,0,1,0,0,0,94314.0
712,3.8,6,71,1986.0,0,378,74000.0,109000.0,2,0,1,0,0,0,0,1,91581.0
249,3.3,6,55,1820.0,0,171,60000.0,67000.0,2,0,1,0,0,0,1,0,63500.0
75,5.0,24,77,2017.0,3,287,73000.0,108000.0,3,1,0,0,0,0,1,0,89084.0
335,4.0,5,0,1986.0,0,385,60000.0,65000.0,2,0,1,0,0,0,1,0,62500.0
133,4.2,18,8,1885.0,9,319,108000.0,159000.0,3,1,0,0,0,0,0,1,130689.0
328,3.9,21,5,1960.0,7,344,107000.0,146000.0,2,1,0,0,0,0,1,0,124742.0
680,4.3,10,18,1975.0,9,309,134000.0,257000.0,3,0,1,0,0,0,1,0,195200.0
756,4.2,14,21,1986.0,0,238,78000.0,124000.0,3,1,0,0,0,0,1,0,98463.0
534,2.8,10,68,1998.0,6,313,126000.0,180000.0,1,0,1,1,0,0,0,0,153206.0
861,4.5,10,48,2008.0,0,150,200000.0,200000.0,3,0,1,0,0,0,1,0,200000.0
680,4.3,10,18,1975.0,9,309,134000.0,257000.0,3,0,1,0,0,0,1,0,195200.0
196,3.1,7,41,1963.0,9,253,83000.0,175000.0,2,0,1,0,0,0,1,0,129008.0
105,3.4,0,2,2012.0,2,160,83000.0,130000.0,2,1,0,1,0,0,0,0,103618.0
354,3.9,24,77,1986.0,0,18,55603.2,106137.6,2,0,1,0,0,0,1,0,80870.4
295,4.8,7,43,2017.0,0,385,175000.0,225000.0,3,0,1,0,0,0,1,0,200000.0
454,4.0,10,30,1986.0,2,90,81000.0,117000.0,2,1,0,0,0,0,1,0,97213.0
804,3.4,10,48,2007.0,4,332,108000.0,159000.0,2,1,0,0,0,0,1,0,131425.0
511,3.8,4,29,1997.0,0,155,79000.0,105000.0,2,1,0,0,0,0,1,0,91054.0
1195,3.9,24,77,1986.0,0,171,96000.0,115200.0,2,0,1,0,0,1,0,0,105600.0
1202,2.3,24,77,1986.0,2,202,79000.0,111000.0,1,1,0,1,0,0,0,0,93445.0
98,4.2,10,18,1976.0,9,93,183000.0,317000.0,3,0,1,0,0,0,1,0,250150.0
257,3.6,4,29,1986.0,7,158,81000.0,121000.0,2,1,0,0,0,0,1,0,99291.0
316,4.0,13,12,1850.0,9,323,72000.0,112000.0,2,1,0,0,0,0,1,0,89465.0
1068,3.9,6,56,2004.0,0,65,81000.0,106000.0,2,0,1,0,0,0,1,0,93150.0
35,4.1,10,18,1969.0,9,18,109000.0,154000.0,3,1,0,1,0,0,0,0,129455.0
93,3.5,24,77,1986.0,0,105,82560.0,86400.0,2,0,1,1,0,0,0,0,84480.0
1181,3.0,24,77,1986.0,0,234,76800.0,87936.0,1,0,1,1,0,0,0,0,82368.0
98,4.2,10,18,1976.0,9,345,132000.0,243000.0,3,0,1,1,0,0,0,0,187400.0
56,3.4,11,46,1931.0,9,73,88000.0,122000.0,2,0,1,0,0,0,1,0,104850.0
680,4.3,10,18,1975.0,9,385,94000.0,183000.0,3,0,1,0,0,0,1,0,138450.0
381,4.0,10,18,1956.0,0,385,147000.0,231000.0,2,0,1,0,0,0,1,0,189000.0
1027,3.6,7,41,1865.0,9,246,44000.0,69000.0,2,1,0,0,0,0,1,0,55103.0
161,3.3,10,18,1986.0,0,313,120000.0,135000.0,2,0,1,0,0,0,1,0,127500.0
633,5.0,24,77,1986.0,0,384,110000.0,210000.0,3,0,1,0,0,0,1,0,160000.0
721,3.8,11,47,2016.0,0,275,136000.0,168000.0,2,1,0,0,0,0,1,0,151056.0
697,3.7,24,77,1986.0,0,395,153600.0,153600.0,2,0,1,0,0,0,1,0,153600.0
36,3.9,10,18,1986.0,4,394,76000.0,115000.0,2,1,0,0,0,0,1,0,93559.0
1139,3.3,14,51,1958.0,7,118,68000.0,97000.0,2,1,0,0,0,0,1,0,81414.0
113,4.2,4,29,2014.0,0,269,71000.0,117000.0,3,1,0,0,0,0,1,0,91409.0
883,4.1,10,45,1969.0,8,33,95000.0,139000.0,3,1,0,1,0,0,0,0,115046.0
831,4.3,5,49,1950.0,4,312,99000.0,128000.0,3,0,1,0,0,0,1,0,113500.0
427,3.4,0,2,1982.0,7,365,86000.0,117000.0,2,1,0,1,0,0,0,0,100575.0
66,3.7,10,48,1994.0,9,345,81000.0,81000.0,2,0,1,0,0,1,0,0,81000.0
1030,3.6,24,77,1986.0,0,329,70000.0,100000.0,2,0,1,0,0,0,1,0,85000.0
132,3.6,18,8,1931.0,9,98,112000.0,154000.0,2,0,1,0,0,0,1,0,133000.0
1183,3.9,10,18,2014.0,0,130,221000.0,319000.0,2,0,1,1,0,0,0,0,270000.0
222,2.8,16,15,1989.0,4,51,70000.0,70000.0,1,0,1,0,1,0,0,0,70000.0
127,4.1,14,51,1995.0,5,34,89000.0,124000.0,3,1,0,0,0,0,1,0,105301.0
903,3.9,24,77,1986.0,0,389,76000.0,117000.0,2,1,0,0,0,0,1,0,94389.0
514,3.4,24,77,1986.0,0,54,85000.0,141000.0,2,1,0,0,0,0,1,0,109795.0
780,3.3,3,27,1986.0,0,385,172000.0,172000.0,2,0,1,0,0,0,1,0,172000.0
910,3.6,7,41,1907.0,7,345,123000.0,185000.0,2,0,1,0,0,0,1,0,153868.0
1038,4.1,11,47,1853.0,9,144,146000.0,240000.0,3,0,1,0,0,1,0,0,192800.0
1055,4.9,10,45,2021.0,2,200,140000.0,160000.0,3,0,1,0,0,0,1,0,150000.0
413,3.0,5,0,1995.0,3,33,76000.0,106000.0,1,1,0,0,0,0,0,1,89675.0
399,3.2,15,1,1986.0,1,333,96000.0,96000.0,2,0,1,0,1,0,0,0,96000.0
1178,3.8,15,1,2007.0,5,253,80000.0,100000.0,2,0,1,0,0,0,1,0,90000.0
579,3.8,14,33,1906.0,8,21,93000.0,130000.0,2,1,0,0,0,0,1,0,109639.0
1164,2.9,24,77,1986.0,0,246,67000.0,107000.0,1,1,0,0,0,0,1,0,84558.0
641,3.0,15,1,2003.0,5,313,93000.0,174000.0,1,0,1,0,0,0,1,0,133400.0
450,3.3,24,77,1986.0,0,313,50000.0,100000.0,2,0,1,0,0,0,1,0,75000.0
996,4.1,15,1,1984.0,0,94,90000.0,110000.0,3,0,1,0,1,0,0,0,100000.0
2,2.4,9,39,1986.0,2,337,109000.0,159000.0,1,1,0,0,0,0,1,0,131465.0
690,3.5,7,41,2013.0,7,253,59000.0,74000.0,2,0,1,0,1,0,0,0,66456.0
625,4.5,10,18,2004.0,0,15,77000.0,111000.0,3,1,0,0,1,0,0,0,92292.0
1036,4.2,6,56,1986.0,3,33,71000.0,99000.0,3,1,0,0,0,0,0,1,83670.0
67,3.7,10,48,1994.0,9,345,81000.0,81000.0,2,0,1,0,0,1,0,0,81000.0
128,5.0,24,77,1986.0,0,78,88000.0,121000.0,3,1,0,0,0,0,1,0,103135.0
277,4.4,9,70,1986.0,0,36,160000.0,256000.0,3,0,1,0,0,1,0,0,208000.0
136,3.9,0,2,1916.0,9,148,74000.0,110000.0,2,1,0,0,0,0,1,0,90409.0
1166,4.1,24,77,1986.0,7,395,78000.0,117000.0,3,1,0,0,0,0,0,1,95866.0
223,2.9,24,77,1986.0,0,276,83000.0,128000.0,1,1,0,0,0,0,1,0,103023.0
277,4.4,9,70,1986.0,0,253,160000.0,250000.0,3,0,1,0,0,0,1,0,205000.0
855,4.1,11,47,1977.0,7,253,95000.0,136000.0,3,0,1,0,0,0,1,0,115350.0
701,3.8,24,77,1986.0,0,210,70000.0,85000.0,2,0,1,0,0,0,1,0,77446.0
859,4.0,9,70,2019.0,2,336,150000.0,220000.0,2,0,1,1,0,0,0,0,185000.0
1033,5.0,24,77,1986.0,1,218,107000.0,147000.0,3,1,0,0,0,0,1,0,125279.0
1093,4.4,24,77,1986.0,0,32,70000.0,95000.0,3,0,1,0,0,0,1,0,82750.0
1120,2.4,24,77,1986.0,0,313,190000.0,210000.0,1,0,1,0,0,0,1,0,200000.0
952,4.4,9,70,2012.0,3,313,115200.0,134400.0,3,0,1,0,0,0,1,0,124800.0
897,3.6,10,18,1938.0,9,18,144000.0,257000.0,2,0,1,1,0,0,0,0,200841.0
260,3.7,24,77,1986.0,0,151,70000.0,70000.0,2,0,1,0,0,0,1,0,70000.0
119,4.0,4,29,1906.0,7,94,84000.0,116000.0,2,1,0,0,1,0,0,0,98626.0
331,4.0,24,77,1986.0,0,313,120000.0,140000.0,2,0,1,0,0,0,1,0,130000.0
118,4.0,10,68,2002.0,0,18,120000.0,167000.0,2,1,0,0,0,0,1,0,141718.0
699,4.6,10,18,1993.0,8,340,144000.0,276000.0,3,0,1,0,0,1,0,0,210000.0
161,3.6,10,18,1986.0,0,313,120000.0,135000.0,2,0,1,0,0,0,1,0,127500.0
1048,3.4,10,48,2016.0,0,333,194000.0,355000.0,2,0,1,1,0,0,0,0,274500.0
132,3.6,18,8,1931.0,9,98,80000.0,110000.0,2,0,1,0,1,0,0,0,95000.0
649,3.7,6,71,1986.0,8,19,74000.0,119000.0,2,0,1,0,0,0,1,0,96370.0
725,4.2,10,45,2008.0,3,15,52000.0,83000.0,3,1,0,1,0,0,0,0,65853.0
760,3.6,7,41,1986.0,9,116,142000.0,273000.0,2,0,1,0,0,0,1,0,207750.0
676,3.9,10,48,2004.0,9,29,124000.0,191000.0,2,0,1,0,0,0,1,0,157500.0
1073,4.1,6,56,1936.0,9,354,99000.0,153000.0,3,0,1,0,0,0,1,0,126277.0
1146,3.4,21,36,1962.0,9,30,88000.0,127000.0,2,1,0,0,0,0,1,0,105463.0
32,3.5,15,1,2012.0,5,253,95000.0,105000.0,2,0,1,0,0,0,1,0,100000.0
496,4.4,24,77,1986.0,0,380,50000.0,80000.0,3,0,1,0,1,0,0,0,65000.0
1146,3.4,21,36,1962.0,9,369,143000.0,286000.0,2,0,1,0,0,0,1,0,214500.0
1102,4.1,3,16,1890.0,6,261,60000.0,70000.0,3,0,1,0,0,0,1,0,65000.0
1048,3.4,10,48,2016.0,0,345,138000.0,238000.0,2,0,1,1,0,0,0,0,187625.0
738,2.9,24,77,1986.0,0,257,120000.0,120000.0,1,0,1,0,0,0,1,0,120000.0
68,3.7,10,48,1994.0,9,253,136000.0,136000.0,2,0,1,0,0,0,1,0,136000.0
468,3.7,7,41,1986.0,8,107,75000.0,104000.0,2,1,0,0,1,0,0,0,88088.0
1103,4.3,3,16,1905.0,5,349,60000.0,85000.0,3,1,0,0,0,0,1,0,71741.0
299,3.6,24,77,1986.0,0,68,153600.0,192000.0,2,0,1,0,0,0,1,0,172800.0
27,5.0,10,45,1986.0,0,325,76000.0,112000.0,3,1,0,0,0,0,1,0,92527.0
393,4.3,5,49,1946.0,9,104,113000.0,150000.0,3,1,0,0,0,0,1,0,129926.0
163,4.3,13,12,2013.0,0,313,105000.0,120000.0,3,0,1,0,0,0,1,0,112500.0
364,4.0,18,9,1986.0,0,331,80000.0,150000.0,2,0,1,0,0,0,1,0,115000.0
411,3.7,13,12,1928.0,7,372,69000.0,108000.0,2,1,0,0,0,0,1,0,86554.0
352,3.4,13,12,2000.0,5,18,120000.0,140000.0,2,0,1,0,0,0,1,0,130000.0
451,4.1,21,81,1927.0,9,181,83000.0,117000.0,3,1,0,0,0,0,1,0,98911.0
16,3.8,13,12,1984.0,5,395,66000.0,93000.0,2,1,0,0,0,0,1,0,78033.0
1030,3.8,24,77,1986.0,0,329,70000.0,100000.0,2,0,1,0,0,0,1,0,85000.0
885,4.6,10,30,1986.0,3,313,96000.0,134400.0,3,0,1,0,0,0,1,0,115200.0
766,2.7,17,7,1986.0,2,313,78720.0,105600.0,1,0,1,0,0,0,1,0,92160.0
682,5.0,10,30,2012.0,0,313,160000.0,210000.0,3,0,1,1,0,0,0,0,185000.0
1029,3.6,11,47,1810.0,9,144,148000.0,222000.0,2,0,1,0,1,0,0,0,185000.0
574,4.1,14,51,1976.0,7,229,142000.0,241000.0,3,0,1,0,0,0,1,0,191700.0
1100,4.3,3,16,1817.0,8,9,70000.0,91000.0,3,1,0,0,0,0,0,1,79688.0
535,3.4,20,65,2018.0,0,15,99000.0,133000.0,2,1,0,0,0,0,1,0,114463.0
406,4.5,11,46,1971.0,0,362,104000.0,162000.0,3,1,0,0,0,0,1,0,129584.0
150,4.7,10,45,2008.0,0,10,102000.0,138000.0,3,1,0,0,0,0,1,0,118715.0
218,3.1,24,77,1986.0,0,13,89000.0,135000.0,2,1,0,0,0,0,1,0,109582.0
1044,3.6,18,8,1902.0,9,325,87000.0,115000.0,2,1,0,0,0,0,1,0,99807.0
3,5.0,24,77,1986.0,0,103,800000.0,900000.0,3,0,1,0,0,0,1,0,850000.0
246,4.4,10,45,1999.0,4,66,60000.0,90000.0,3,1,0,0,1,0,0,0,73412.0
983,3.8,18,8,1986.0,0,313,103000.0,179000.0,2,0,1,0,0,0,1,0,140600.0
203,4.1,5,49,1931.0,7,200,167000.0,266000.0,3,0,1,0,0,0,1,0,216517.0
560,4.0,5,6,1799.0,9,275,147000.0,260000.0,2,0,1,1,0,0,0,0,203625.0
494,3.6,5,6,1866.0,9,82,81000.0,119000.0,2,1,0,0,0,0,1,0,98365.0
681,3.9,24,77,1986.0,0,266,90000.0,100000.0,2,0,1,0,0,0,1,0,95000.0
376,5.0,10,45,1986.0,0,187,72000.0,106000.0,3,1,0,1,0,0,0,0,86985.0
391,3.8,6,56,1908.0,0,75,75000.0,117000.0,2,1,0,0,0,0,1,0,93234.0
1008,3.7,24,77,1986.0,0,313,96000.0,96000.0,2,0,1,0,1,0,0,0,96000.0
694,3.4,10,30,2012.0,5,183,75000.0,75000.0,2,0,1,0,0,0,1,0,75000.0
98,4.2,10,18,1976.0,9,93,184000.0,208000.0,3,0,1,1,0,0,0,0,196074.0
680,4.3,10,18,1975.0,9,309,94000.0,183000.0,3,0,1,0,0,0,1,0,138450.0
676,3.9,10,48,2004.0,9,222,171000.0,238000.0,2,0,1,1,0,0,0,0,204500.0
628,4.0,10,30,2007.0,3,78,95000.0,131000.0,2,1,0,0,0,0,1,0,111711.0
7,3.6,24,77,1986.0,0,358,64000.0,87000.0,2,0,1,0,0,0,0,1,75686.0
954,4.0,24,77,1986.0,0,395,101000.0,160000.0,2,1,0,0,0,0,1,0,127152.0
217,3.9,10,18,2013.0,0,332,101000.0,168000.0,2,1,0,0,0,0,1,0,129992.0
685,3.5,15,1,1987.0,5,384,110000.0,215000.0,2,0,1,0,0,0,1,0,162500.0
309,3.0,16,37,1986.0,2,318,110000.0,120000.0,1,0,1,0,0,0,1,0,115000.0
639,4.3,0,2,1968.0,7,395,94000.0,134000.0,3,1,0,0,1,0,0,0,111818.0
160,3.4,11,47,1937.0,5,41,140000.0,178000.0,2,0,1,0,0,0,1,0,159100.0
460,4.2,21,38,1905.0,9,330,84000.0,106000.0,3,1,0,0,0,0,1,0,94142.0
909,4.0,0,2,1979.0,0,160,153000.0,218000.0,2,0,1,0,0,0,1,0,185300.0
541,3.5,24,77,1986.0,0,66,103000.0,158000.0,2,1,0,0,0,0,1,0,127370.0
14,3.6,24,77,1986.0,0,313,134400.0,153600.0,2,0,1,0,0,0,1,0,144000.0
582,3.0,24,77,1986.0,0,318,80000.0,114000.0,1,1,0,0,0,0,1,0,95488.0
1129,3.8,22,74,1986.0,7,58,94000.0,158000.0,2,0,1,1,0,0,0,0,125500.0
98,4.2,10,18,1976.0,9,93,171000.0,257000.0,3,0,1,1,0,0,0,0,213600.0
98,4.2,10,18,1976.0,9,93,132000.0,242000.0,3,0,1,0,0,0,1,0,186900.0
638,4.7,15,1,1986.0,3,316,82000.0,114000.0,3,1,0,0,0,0,1,0,96614.0
498,4.1,10,45,1911.0,9,73,162000.0,244000.0,3,0,1,1,0,0,0,0,203000.0
919,3.8,13,12,2020.0,0,99,92000.0,136000.0,2,1,0,0,0,0,1,0,111962.0
904,3.0,24,77,1986.0,0,234,86400.0,86400.0,1,0,1,1,0,0,0,0,86400.0
423,3.0,10,45,1986.0,0,395,121000.0,161000.0,1,1,0,0,0,0,1,0,139505.0
693,3.4,7,41,1986.0,5,297,77145.6,94848.0,2,0,1,0,0,0,1,0,85996.79999999999
316,4.0,13,12,1850.0,9,182,71000.0,96000.0,2,1,0,0,0,0,1,0,82508.0
589,4.5,13,12,2007.0,4,161,66000.0,101000.0,3,1,0,0,0,0,1,0,81665.0
1136,3.1,7,41,2001.0,7,346,79000.0,108000.0,2,1,0,0,0,0,1,0,92074.0
969,3.8,10,30,1987.0,7,142,115200.0,127680.0,2,0,1,0,0,0,1,0,121440.0
646,4.0,11,46,1871.0,9,253,108000.0,163000.0,2,0,1,0,0,0,1,0,135403.0
680,4.3,10,18,1975.0,9,309,112000.0,218000.0,3,0,1,0,0,0,1,0,165200.0
1029,3.6,11,47,1810.0,9,144,72000.0,109000.0,2,0,1,0,0,1,0,0,90500.0
989,3.7,22,74,2001.0,9,29,112000.0,152000.0,2,0,1,0,0,0,1,0,132000.0
1035,4.1,4,54,2004.0,8,372,82000.0,118000.0,3,1,0,0,0,0,1,0,98339.0
841,3.6,0,2,1956.0,5,120,47000.0,78000.0,2,1,0,0,0,0,1,0,60303.0
744,3.7,7,41,2012.0,0,73,93000.0,131000.0,2,1,0,0,0,0,1,0,110585.0
182,4.9,24,77,1986.0,0,313,100000.0,135000.0,3,0,1,1,0,0,0,0,117251.0
639,4.3,0,2,1968.0,7,125,97000.0,150000.0,3,1,0,0,0,0,1,0,120908.0
14,3.8,24,77,1986.0,0,313,134400.0,153600.0,2,0,1,0,0,0,1,0,144000.0
676,3.9,10,48,2004.0,9,222,163000.0,225000.0,2,0,1,0,0,0,1,0,194000.0
325,3.9,10,45,2012.0,5,313,245760.0,245760.0,2,0,1,1,0,0,0,0,245760.0
200,4.3,3,16,1891.0,5,278,87000.0,132000.0,3,1,0,0,0,0,1,0,106930.0
1152,4.0,21,57,2004.0,6,194,82000.0,121000.0,2,1,0,0,0,0,1,0,99839.0
362,3.8,7,41,1986.0,0,246,91000.0,120000.0,2,1,0,0,0,0,1,0,104183.0
535,3.4,20,65,2018.0,0,15,110000.0,147000.0,2,1,0,0,0,0,1,0,127480.0
557,2.9,10,18,2013.0,2,313,130000.0,140000.0,1,0,1,0,0,0,1,0,135000.0
25,3.8,7,41,1888.0,9,4,126000.0,252000.0,2,0,1,0,0,0,1,0,188600.0
827,3.8,11,47,1937.0,9,385,70000.0,103000.0,2,0,1,0,0,0,1,0,86450.0
21,3.5,22,74,1876.0,9,8,159000.0,159000.0,2,0,1,0,0,0,1,0,159100.0
321,3.7,10,45,2005.0,2,218,165000.0,165000.0,2,0,1,0,0,0,1,0,165000.0
147,3.9,18,8,1863.0,9,72,85000.0,113000.0,2,1,0,0,0,0,1,0,97814.0
624,3.5,21,42,1921.0,9,68,92000.0,175000.0,2,0,1,0,0,0,1,0,133850.0
627,3.6,10,18,2012.0,0,332,141000.0,194000.0,2,1,0,0,0,0,1,0,165319.0
628,4.0,10,30,2007.0,3,78,74000.0,113000.0,2,1,0,0,0,0,1,0,91494.0
208,2.0,7,41,1986.0,0,87,90000.0,129000.0,0,1,0,0,0,0,1,0,108078.0
757,4.2,13,64,1986.0,0,332,131000.0,184000.0,3,1,0,0,0,0,1,0,155061.0
3,3.8,24,77,1986.0,0,103,800000.0,900000.0,2,0,1,0,0,0,1,0,850000.0
849,3.0,10,30,2014.0,2,395,67000.0,110000.0,1,1,0,0,0,0,1,0,85689.0
87,3.8,7,41,1882.0,0,73,68000.0,98000.0,2,1,0,0,0,0,1,0,81758.0
226,4.4,24,77,1986.0,0,332,72000.0,99000.0,3,0,1,0,0,0,1,0,85500.0
560,4.0,5,6,1799.0,9,372,69000.0,107000.0,2,1,0,1,0,0,0,0,85696.0
410,4.2,14,40,1892.0,9,345,171000.0,256000.0,3,0,1,1,0,0,0,0,213180.0
698,3.9,10,30,2003.0,6,384,120000.0,183000.0,2,1,0,0,0,0,1,0,148118.0
1201,4.4,9,39,1999.0,4,93,133000.0,179000.0,3,1,0,0,0,0,1,0,154258.0
960,4.0,7,41,1957.0,7,311,95347.2,126336.0,2,0,1,0,0,0,1,0,110841.6
39,3.6,10,48,2014.0,8,332,106000.0,155000.0,2,1,0,0,0,0,1,0,128380.0
462,3.3,7,41,1968.0,9,246,102000.0,137000.0,2,1,0,0,0,0,1,0,118686.0
401,3.2,14,21,2014.0,0,135,79000.0,130000.0,2,0,1,0,0,0,1,0,104500.0
403,4.9,24,77,1986.0,0,313,150000.0,300000.0,3,0,1,0,0,0,1,0,225000.0
702,3.1,24,77,1986.0,0,395,89000.0,126000.0,2,1,0,0,0,0,1,0,105650.0
45,5.0,24,77,1986.0,0,357,160000.0,220000.0,3,0,1,1,0,0,0,0,190000.0
1168,3.5,24,77,1986.0,0,313,40000.0,130000.0,2,0,1,1,0,0,0,0,85000.0
950,3.5,24,77,1986.0,0,18,70000.0,120000.0,2,0,1,0,0,0,1,0,95000.0
59,3.6,9,70,1986.0,0,253,140000.0,160000.0,2,0,1,0,0,0,1,0,150000.0
631,4.4,3,16,1861.0,7,56,110000.0,125000.0,3,0,1,0,0,0,1,0,117500.0
395,3.7,5,6,1864.0,7,220,72000.0,111000.0,2,1,0,1,0,0,0,0,89391.0
1087,4.0,8,44,1987.0,7,274,92000.0,131000.0,2,1,0,0,0,0,1,0,109838.0
766,2.7,17,7,1986.0,2,332,67000.0,101000.0,1,1,0,0,0,0,1,0,81859.0
638,4.9,15,1,1986.0,3,316,82000.0,114000.0,3,1,0,0,0,0,1,0,96614.0
615,4.1,18,8,1876.0,9,165,91000.0,129000.0,3,1,0,0,0,0,1,0,108126.0
1010,4.0,24,77,1986.0,0,322,113000.0,143000.0,2,0,1,0,0,0,1,0,128000.0
741,3.5,17,22,2002.0,0,18,82000.0,116000.0,2,1,0,0,0,0,1,0,97910.0
896,3.6,10,45,1986.0,0,357,90000.0,120000.0,2,0,1,0,0,0,1,0,105000.0
629,4.7,7,41,1988.0,0,345,153000.0,219000.0,3,0,1,0,0,0,1,0,186150.0
1003,3.5,7,41,1986.0,0,385,100000.0,130000.0,2,0,1,0,1,0,0,0,115000.0
1132,3.6,24,77,1986.0,0,385,110000.0,135000.0,2,0,1,0,0,0,1,0,122500.0
612,3.6,17,7,1992.0,7,269,37000.0,58000.0,2,1,0,0,0,0,0,1,46149.0
487,4.1,24,77,1986.0,0,385,100000.0,115000.0,3,0,1,0,0,0,1,0,107500.0
279,3.7,11,47,1981.0,5,253,63000.0,110000.0,2,0,1,0,0,0,1,0,86500.0
683,3.7,10,30,1938.0,7,133,130000.0,200000.0,2,0,1,0,0,0,1,0,165000.0
596,3.9,5,49,1989.0,7,126,190000.0,285000.0,2,0,1,0,0,0,1,0,237900.0
27,5.0,10,45,1986.0,0,361,93000.0,156000.0,3,1,0,1,0,0,0,0,120791.0
1176,2.9,14,21,2013.0,0,87,90000.0,150000.0,1,0,1,0,0,0,1,0,120000.0
925,3.5,21,57,1910.0,8,85,106000.0,148000.0,2,1,0,0,0,0,1,0,125168.0
789,3.9,21,81,1987.0,7,128,107000.0,150000.0,2,1,0,0,0,0,1,0,126927.0
51,3.7,16,15,1986.0,0,6,170000.0,195000.0,2,0,1,0,0,0,1,0,182500.0
396,3.7,7,41,2021.0,0,253,120000.0,240000.0,2,0,1,0,0,0,1,0,180000.0
839,4.4,24,77,1986.0,1,288,94000.0,137000.0,3,1,0,1,0,0,0,0,113088.0
303,4.1,24,77,1986.0,3,281,111000.0,161000.0,3,0,1,0,0,0,1,0,136325.0
498,4.1,10,45,1911.0,9,191,167000.0,251000.0,3,0,1,0,1,0,0,0,209000.0
1080,3.9,7,41,1943.0,7,94,97000.0,148000.0,2,1,0,1,0,0,0,0,119930.0
672,4.8,24,77,1986.0,0,313,115200.0,115200.0,3,0,1,0,0,0,1,0,115200.0
386,4.4,21,81,2017.0,0,313,183000.0,251000.0,3,0,1,0,0,0,1,0,217000.0
156,3.6,9,39,2011.0,0,41,150000.0,170000.0,2,0,1,1,0,0,0,0,160000.0
959,4.0,24,77,1986.0,0,191,105000.0,160000.0,2,0,1,0,0,0,1,0,132500.0
37,3.5,0,2,1973.0,3,123,95000.0,110000.0,2,0,1,0,0,1,0,0,102500.0
137,3.4,14,51,1914.0,7,230,90000.0,117000.0,2,1,0,0,0,0,1,0,102510.0
671,3.5,24,77,1986.0,0,286,57600.0,86822.4,2,0,1,0,0,0,1,0,72211.20000000001
98,4.2,10,18,1976.0,9,93,139000.0,257000.0,3,0,1,1,0,0,0,0,197700.0
1048,3.4,10,48,2016.0,0,244,114000.0,178000.0,2,0,1,0,0,0,1,0,145889.0
39,3.6,10,48,2014.0,8,332,152000.0,209000.0,2,1,0,0,0,0,1,0,178156.0
581,3.4,14,33,2018.0,9,134,102000.0,135000.0,2,1,0,0,0,0,1,0,116999.0
662,3.8,10,18,1987.0,9,313,107000.0,176000.0,2,0,1,0,0,0,1,0,141960.0
1121,4.3,10,45,1986.0,2,372,80000.0,124000.0,3,1,0,0,0,0,1,0,99636.0
720,2.8,15,10,1996.0,6,253,80000.0,100000.0,1,0,1,0,1,0,0,0,90000.0
218,4.2,24,77,1986.0,0,13,89000.0,135000.0,3,1,0,0,0,0,1,0,109582.0
588,4.5,13,12,2007.0,4,161,66000.0,101000.0,3,1,0,0,0,0,1,0,81665.0
301,4.6,13,12,2005.0,4,13,80000.0,132000.0,3,1,0,0,0,0,1,0,102778.0
481,3.4,3,16,2016.0,0,33,61000.0,87000.0,2,1,0,0,1,0,0,0,72851.0
680,4.3,10,18,1975.0,9,309,134000.0,257000.0,3,0,1,0,0,0,1,0,195200.0
679,3.7,10,18,1978.0,9,333,102000.0,219000.0,2,0,1,1,0,0,0,0,160500.0
1038,4.1,11,47,1853.0,9,326,139000.0,229000.0,3,0,1,0,0,0,1,0,183700.0
108,4.0,14,51,1860.0,7,313,97000.0,146000.0,2,0,1,0,0,0,1,0,121320.0
99,4.1,14,28,1967.0,9,18,144000.0,198000.0,3,0,1,0,0,0,1,0,171000.0
604,3.2,9,39,1986.0,0,414,80000.0,150000.0,2,0,1,0,1,0,0,0,115000.0
1193,3.2,15,10,1972.0,8,253,104000.0,130000.0,2,0,1,0,0,0,1,0,117000.0
632,4.4,0,2,1951.0,0,192,79000.0,114000.0,3,1,0,0,0,0,1,0,94945.0
1065,3.8,7,41,1966.0,0,331,61440.0,65280.0,2,0,1,0,1,0,0,0,63360.0
1015,4.0,10,45,2006.0,3,263,119040.0,119040.0,2,0,1,0,0,0,1,0,119040.0
759,3.7,10,68,2000.0,3,78,89000.0,145000.0,2,1,0,0,0,0,1,0,113783.0
214,4.4,3,16,1900.0,7,288,71000.0,106000.0,3,1,0,1,0,0,0,0,86875.0
85,3.5,10,48,1995.0,7,345,136000.0,222000.0,2,1,0,0,0,0,1,0,173888.0
1131,2.5,16,15,1986.0,3,313,80000.0,92000.0,1,0,1,0,0,0,1,0,86000.0
458,3.6,5,6,1960.0,0,331,112000.0,152000.0,2,0,1,0,0,0,1,0,131860.0
1161,3.1,10,45,1945.0,8,372,88000.0,106000.0,2,0,1,0,0,0,1,0,96604.0
1144,5.0,24,77,1986.0,0,151,106000.0,140000.0,3,1,0,0,0,0,1,0,121754.0
667,4.1,18,8,1891.0,9,306,75000.0,86000.0,3,0,1,0,0,0,1,0,80500.0
174,4.3,10,45,2007.0,0,361,106000.0,140000.0,3,1,0,0,0,0,1,0,121848.0
362,4.5,7,41,1986.0,0,246,91000.0,120000.0,3,1,0,0,0,0,1,0,104183.0
187,3.8,10,48,2012.0,0,345,130000.0,246000.0,2,0,1,1,0,0,0,0,188100.0
351,3.9,5,6,1989.0,6,205,61000.0,90000.0,2,1,0,0,0,0,1,0,74323.0
931,3.3,1,69,1998.0,5,18,110000.0,110000.0,2,0,1,1,0,0,0,0,110000.0
115,3.7,14,51,1972.0,7,70,71000.0,104000.0,2,1,0,0,1,0,0,0,85861.0
369,3.9,24,77,1986.0,0,260,94000.0,130000.0,2,1,0,0,0,0,1,0,110340.0
375,3.2,18,8,1987.0,8,81,57000.0,80000.0,2,1,0,0,0,0,1,0,67372.0
556,4.7,10,30,2008.0,4,13,89000.0,121000.0,3,1,0,0,0,0,1,0,103589.0
551,4.4,10,68,1983.0,9,15,139000.0,182000.0,3,1,0,0,0,0,1,0,158990.0
681,3.6,24,77,1986.0,0,266,90000.0,100000.0,2,0,1,0,0,0,1,0,95000.0
676,3.9,10,48,2004.0,9,222,133000.0,185000.0,2,0,1,0,0,0,1,0,159000.0
474,3.5,14,21,1923.0,8,385,156000.0,254000.0,2,0,1,1,0,0,0,0,204760.0
680,4.3,10,18,1975.0,9,309,94000.0,183000.0,3,0,1,0,0,0,1,0,138450.0
1075,3.6,1,24,1986.0,0,395,118000.0,181000.0,2,0,1,0,0,0,1,0,149589.0
318,3.2,5,32,1915.0,7,253,80000.0,90000.0,2,0,1,0,0,0,1,0,85000.0
10,3.8,10,45,1990.0,4,138,70000.0,80000.0,2,0,1,0,0,0,1,0,75000.0
1146,3.4,21,36,1962.0,9,369,143000.0,286000.0,2,0,1,0,0,0,1,0,214500.0
617,4.1,24,77,1986.0,0,377,100000.0,125000.0,3,0,1,0,0,0,1,0,112500.0
1044,3.6,18,8,1902.0,9,139,74000.0,103000.0,2,1,0,0,1,0,0,0,87114.0
962,3.6,20,65,1971.0,9,345,152000.0,237000.0,2,0,1,0,0,0,1,0,194200.0
1108,4.1,24,77,1986.0,0,278,75000.0,100000.0,3,0,1,0,0,0,1,0,87500.0
784,4.1,10,30,2005.0,7,340,144000.0,233000.0,3,0,1,1,0,0,0,0,188700.0
250,3.6,6,55,1682.0,0,285,79000.0,85000.0,2,0,1,0,1,0,0,0,82000.0
187,3.8,10,48,2012.0,0,333,224000.0,410000.0,2,0,1,0,0,0,1,0,317000.0
330,3.8,15,31,1923.0,9,180,91000.0,127000.0,2,1,0,0,0,0,1,0,107557.0
404,3.8,15,10,2019.0,0,313,79000.0,96000.0,2,0,1,0,0,0,1,0,87450.0
491,3.4,15,1,1998.0,4,280,78000.0,111000.0,2,1,0,0,0,0,1,0,92864.0
237,3.6,21,25,1947.0,7,253,125000.0,140000.0,2,0,1,0,0,0,1,0,132500.0
519,4.4,15,61,2010.0,5,264,108000.0,180000.0,3,0,1,0,0,0,1,0,144179.0
1180,4.3,24,77,1986.0,0,309,115200.0,144000.0,3,0,1,1,0,0,0,0,129600.0
1203,5.0,10,45,2013.0,3,361,80000.0,119000.0,3,1,0,0,0,0,1,0,97858.0
668,3.6,7,41,1871.0,5,72,78000.0,128000.0,2,1,0,0,0,0,1,0,99603.0
917,3.7,21,23,1952.0,8,288,53000.0,82000.0,2,1,0,0,1,0,0,0,66310.0
916,4.9,24,77,1986.0,0,313,86400.0,105600.0,3,0,1,1,0,0,0,0,96000.0
370,4.1,7,41,2015.0,0,313,152000.0,172000.0,3,0,1,0,0,0,1,0,162000.0
196,3.1,7,41,1963.0,9,286,44000.0,102000.0,2,0,1,0,1,0,0,0,72850.0
911,3.2,3,59,1986.0,6,345,93000.0,120000.0,2,0,1,0,0,0,1,0,106642.0
953,3.9,10,30,2003.0,7,55,184000.0,253000.0,2,0,1,0,0,0,1,0,218500.0
134,5.0,10,45,2009.0,3,332,125000.0,169000.0,3,1,0,0,0,0,1,0,145481.0
591,4.4,10,18,2018.0,0,244,164000.0,198000.0,3,1,0,1,0,0,0,0,180536.0
1184,4.2,11,47,1872.0,9,343,83000.0,110000.0,3,1,0,0,0,0,1,0,95536.0
196,3.1,7,41,1963.0,9,41,76000.0,155000.0,2,0,1,0,0,0,1,0,115103.0
947,4.0,0,2,2001.0,4,190,97000.0,134000.0,2,1,0,0,0,0,1,0,113962.0
680,4.3,10,18,1975.0,9,309,134000.0,257000.0,3,0,1,1,0,0,0,0,195200.0
1024,4.9,10,18,2014.0,0,345,106000.0,151000.0,3,1,0,1,0,0,0,0,126622.0
923,3.5,13,12,1986.0,4,18,91000.0,122000.0,2,1,0,0,0,0,1,0,105167.0
841,3.6,0,2,1956.0,5,395,97000.0,143000.0,2,1,0,0,0,0,1,0,117397.0
805,4.4,10,30,1998.0,9,332,170000.0,240000.0,3,0,1,0,0,0,1,0,205000.0
1131,2.5,16,15,1986.0,3,385,80000.0,92000.0,1,0,1,0,0,0,1,0,86000.0
1124,3.5,18,8,2008.0,5,331,240000.0,330000.0,2,0,1,0,0,0,1,0,285000.0
843,4.0,10,18,1985.0,9,331,149000.0,223000.0,2,0,1,1,0,0,0,0,185500.0
185,3.4,13,12,1828.0,8,313,90000.0,90000.0,2,0,1,0,1,0,0,0,90000.0
321,4.9,10,45,2005.0,2,218,165000.0,165000.0,3,0,1,0,0,0,1,0,165000.0
265,3.7,10,48,2012.0,0,313,181000.0,213000.0,2,0,1,1,0,0,0,0,196563.0
1163,3.4,7,41,1986.0,0,301,63000.0,88000.0,2,1,0,0,0,0,1,0,74411.0
880,3.9,17,22,2011.0,0,345,139000.0,191000.0,2,0,1,0,0,0,1,0,165124.0
549,4.1,10,30,1992.0,0,84,75000.0,113000.0,3,1,0,0,0,0,1,0,92424.0
699,4.6,10,18,1993.0,8,340,168000.0,288000.0,3,0,1,0,0,0,1,0,227750.0
704,3.8,24,77,1986.0,0,313,110000.0,130000.0,2,0,1,0,0,0,1,0,120000.0
646,4.0,11,46,1871.0,9,385,108000.0,163000.0,2,0,1,0,0,0,1,0,135403.0
936,4.0,10,30,2012.0,7,336,214000.0,328000.0,2,0,1,0,0,0,1,0,270875.0
671,4.1,24,77,1986.0,0,286,57600.0,86822.4,3,0,1,0,0,0,1,0,72211.20000000001
1182,3.8,10,68,2007.0,7,392,170000.0,220000.0,2,0,1,1,0,0,0,0,195000.0
102,4.0,10,68,1983.0,5,73,83000.0,107000.0,2,1,0,0,0,0,1,0,94087.0
508,3.9,7,41,1984.0,4,184,75000.0,85000.0,2,0,1,0,1,0,0,0,80000.0
945,4.1,23,3,1967.0,9,94,184000.0,184000.0,3,0,1,0,0,0,1,0,183950.0
